group,lib.size,norm.factors,sample_id,time_hpf,fish_strain,temperature,source,time_hpf_standard,source_letter
1,999999.558784,1,SAMEA3892004,5.25,WT_HLF,28.5,White et al.,5.25,White et al.
1,1000000.129743,1,SAMEA3892005,5.25,WT_HLF,28.5,White et al.,5.25,White et al.
1,1000000.408179,1,SAMEA3892006,5.25,WT_HLF,28.5,White et al.,5.25,White et al.
1,1000000.519526,1,SAMEA3892007,5.25,WT_HLF,28.5,White et al.,5.25,White et al.
1,999999.598488,1,SAMEA3892008,5.25,WT_HLF,28.5,White et al.,5.25,White et al.
1,999999.958341,1,SAMEA3892009,24,WT_HLF,28.5,White et al.,24,White et al.
1,1000000.041638,1,SAMEA3892010,24,WT_HLF,28.5,White et al.,24,White et al.
1,1000000.033339,1,SAMEA3892011,24,WT_HLF,28.5,White et al.,24,White et al.
1,1000000.04364,1,SAMEA3892012,24,WT_HLF,28.5,White et al.,24,White et al.
1,1000000.044615,1,SAMEA3892013,24,WT_HLF,28.5,White et al.,24,White et al.
1,1000000.046556,1,SAMEA3892014,30,WT_HLF,28.5,White et al.,30,White et al.
1,1000000.021107,1,SAMEA3892015,30,WT_HLF,28.5,White et al.,30,White et al.
1,1000000.04919,1,SAMEA3892016,30,WT_HLF,28.5,White et al.,30,White et al.
1,999999.975452,1,SAMEA3892017,30,WT_HLF,28.5,White et al.,30,White et al.
1,999999.996395,1,SAMEA3892018,30,WT_HLF,28.5,White et al.,30,White et al.
1,1000000.071197,1,SAMEA3892019,36,WT_HLF,28.5,White et al.,36,White et al.
1,1000000.089268,1,SAMEA3892020,36,WT_HLF,28.5,White et al.,36,White et al.
1,999999.963295,1,SAMEA3892021,36,WT_HLF,28.5,White et al.,36,White et al.
1,1000000.055257,1,SAMEA3892023,36,WT_HLF,28.5,White et al.,36,White et al.
1,1000000.023528,1,SAMEA3892024,36,WT_HLF,28.5,White et al.,36,White et al.
1,1000000.008909,1,SAMEA3892025,48,WT_HLF,28.5,White et al.,48,White et al.
1,1000000.027807,1,SAMEA3892026,48,WT_HLF,28.5,White et al.,48,White et al.
1,1000000.077384,1,SAMEA3892028,48,WT_HLF,28.5,White et al.,48,White et al.
1,1000000.179272,1,SAMEA3892029,48,WT_HLF,28.5,White et al.,48,White et al.
1,1000000.117578,1,SAMEA3892030,48,WT_HLF,28.5,White et al.,48,White et al.
1,999999.89759,1,SAMEA3892031,72,WT_HLF,28.5,White et al.,72,White et al.
1,999999.771865,1,SAMEA3892032,72,WT_HLF,28.5,White et al.,72,White et al.
1,999999.984086,1,SAMEA3892034,72,WT_HLF,28.5,White et al.,72,White et al.
1,1000000.021953,1,SAMEA3892035,72,WT_HLF,28.5,White et al.,72,White et al.
1,999999.992491,1,SAMEA3892036,72,WT_HLF,28.5,White et al.,72,White et al.
1,1000000.042596,1,SAMEA3892037,96,WT_HLF,28.5,White et al.,96,White et al.
1,1000000.022084,1,SAMEA3892038,96,WT_HLF,28.5,White et al.,96,White et al.
1,999999.951036,1,SAMEA3892040,96,WT_HLF,28.5,White et al.,96,White et al.
1,1000000.136878,1,SAMEA3892041,96,WT_HLF,28.5,White et al.,96,White et al.
1,1000000.058379,1,SAMEA3892042,96,WT_HLF,28.5,White et al.,96,White et al.
1,999999.96735,1,SAMEA3892044,120,WT_HLF,28.5,White et al.,120,White et al.
1,999999.922236,1,SAMEA3892045,120,WT_HLF,28.5,White et al.,120,White et al.
1,999999.9422,1,SAMEA3892046,120,WT_HLF,28.5,White et al.,120,White et al.
1,999999.815681,1,SAMEA3892047,120,WT_HLF,28.5,White et al.,120,White et al.
1,1000000.150581,1,SAMEA3892049,120,WT_HLF,28.5,White et al.,120,White et al.
1,999999.803002,1,SAMEA3892050,6,WT_HLF,28.5,White et al.,6,White et al.
1,999999.953752,1,SAMEA3892051,6,WT_HLF,28.5,White et al.,6,White et al.
1,1000000.029772,1,SAMEA3892052,6,WT_HLF,28.5,White et al.,6,White et al.
1,999999.932341,1,SAMEA3892054,6,WT_HLF,28.5,White et al.,6,White et al.
1,999999.929709,1,SAMEA3892055,6,WT_HLF,28.5,White et al.,6,White et al.
1,1000000.031177,1,SAMEA3892056,8,WT_HLF,28.5,White et al.,8,White et al.
1,1000000.064887,1,SAMEA3892057,8,WT_HLF,28.5,White et al.,8,White et al.
1,1000000.04804,1,SAMEA3892058,8,WT_HLF,28.5,White et al.,8,White et al.
1,1000000.01051,1,SAMEA3892060,8,WT_HLF,28.5,White et al.,8,White et al.
1,1000000.009353,1,SAMEA3892061,8,WT_HLF,28.5,White et al.,8,White et al.
1,999999.981274,1,SAMEA3892063,16,WT_HLF,28.5,White et al.,16,White et al.
1,999999.967211,1,SAMEA3892064,16,WT_HLF,28.5,White et al.,16,White et al.
1,1000000.043642,1,SAMEA3892065,16,WT_HLF,28.5,White et al.,16,White et al.
1,1000000.075379,1,SAMEA3892066,16,WT_HLF,28.5,White et al.,16,White et al.
1,1000000.047132,1,SAMEA3892067,16,WT_HLF,28.5,White et al.,16,White et al.
1,1000000.006069,1,SAMEA3892069,19,WT_HLF,28.5,White et al.,19,White et al.
1,1000000.01903,1,SAMEA3892070,19,WT_HLF,28.5,White et al.,19,White et al.
1,999999.950169,1,SAMEA3892071,19,WT_HLF,28.5,White et al.,19,White et al.
1,999999.983263,1,SAMEA3892072,19,WT_HLF,28.5,White et al.,19,White et al.
1,1000000.10748,1,SAMEA3892073,19,WT_HLF,28.5,White et al.,19,White et al.
1,1000000.133866,1,SAMEA3892075,4.3,WT_HLF,28.5,White et al.,4.3,White et al.
1,1000000.015632,1,SAMEA3892076,4.3,WT_HLF,28.5,White et al.,4.3,White et al.
1,1000000.147733,1,SAMEA3892077,4.3,WT_HLF,28.5,White et al.,4.3,White et al.
1,1000000.343025,1,SAMEA3892078,4.3,WT_HLF,28.5,White et al.,4.3,White et al.
1,1000000.393882,1,SAMEA3892079,4.3,WT_HLF,28.5,White et al.,4.3,White et al.
1,1000000.164844,1,SAMEA3892081,0.75,WT_HLF,28.5,White et al.,0.75,White et al.
1,999999.630519,1,SAMEA3892082,0.75,WT_HLF,28.5,White et al.,0.75,White et al.
1,1000000.138514,1,SAMEA3892083,0.75,WT_HLF,28.5,White et al.,0.75,White et al.
1,999999.905295,1,SAMEA3892084,0.75,WT_HLF,28.5,White et al.,0.75,White et al.
1,999999.990313,1,SAMEA3892085,0.75,WT_HLF,28.5,White et al.,0.75,White et al.
1,1000000.062435,1,SAMEA3892087,2.25,WT_HLF,28.5,White et al.,2.25,White et al.
1,1000000.094435,1,SAMEA3892088,2.25,WT_HLF,28.5,White et al.,2.25,White et al.
1,999999.977878,1,SAMEA3892089,2.25,WT_HLF,28.5,White et al.,2.25,White et al.
1,1000000.109252,1,SAMEA3892090,2.25,WT_HLF,28.5,White et al.,2.25,White et al.
1,1000000.309185,1,SAMEA3892091,2.25,WT_HLF,28.5,White et al.,2.25,White et al.
1,1000000.008329,1,SAMEA3892093,10.3,WT_HLF,28.5,White et al.,10.3,White et al.
1,999999.995992,1,SAMEA3892094,10.3,WT_HLF,28.5,White et al.,10.3,White et al.
1,999999.982295,1,SAMEA3892095,10.3,WT_HLF,28.5,White et al.,10.3,White et al.
1,1000000.018512,1,SAMEA3892096,10.3,WT_HLF,28.5,White et al.,10.3,White et al.
1,1000000.124598,1,SAMEA3892097,10.3,WT_HLF,28.5,White et al.,10.3,White et al.
1,999999.941586,1,SAMEA3892099,3,WT_HLF,28.5,White et al.,3,White et al.
1,999999.914799,1,SAMEA3892100,3,WT_HLF,28.5,White et al.,3,White et al.
1,1000000.003057,1,SAMEA3892101,3,WT_HLF,28.5,White et al.,3,White et al.
1,1000000.005882,1,SAMEA3892102,3,WT_HLF,28.5,White et al.,3,White et al.
1,999999.98351,1,SAMEA3892104,3,WT_HLF,28.5,White et al.,3,White et al.
1,1000000.361912,1,SAMEA3892105,0,WT_HLF,28.5,White et al.,0,White et al.
1,1000000.221934,1,SAMEA3892106,0,WT_HLF,28.5,White et al.,0,White et al.
1,1000000.436409,1,SAMEA3892107,0,WT_HLF,28.5,White et al.,0,White et al.
1,999999.747077,1,SAMEA3892109,0,WT_HLF,28.5,White et al.,0,White et al.
1,999999.618449,1,SAMEA3892110,0,WT_HLF,28.5,White et al.,0,White et al.
1,999999.874346,1,SRR372787,0.875,WT_TLAB,28.5,Pauli et al.,0.875,Pauli et al.
1,999999.896528,1,SRR372788,0.875,WT_TLAB,28.5,Pauli et al.,0.875,Pauli et al.
1,999999.985386,1,SRR372789,3,WT_TLAB,28.5,Pauli et al.,3,Pauli et al.
1,1000000.011586,1,SRR372790,3,WT_TLAB,28.5,Pauli et al.,3,Pauli et al.
1,1000000.068203,1,SRR372791,4.33,WT_TLAB,28.5,Pauli et al.,4.33,Pauli et al.
1,1000000.004861,1,SRR372792,4.33,WT_TLAB,28.5,Pauli et al.,4.33,Pauli et al.
1,1000000.082433,1,SRR372793,6,WT_TLAB,28.5,Pauli et al.,6,Pauli et al.
1,1000000.138193,1,SRR372794,6,WT_TLAB,28.5,Pauli et al.,6,Pauli et al.
1,999999.986733,1,SRR372795,6,WT_TLAB,28.5,Pauli et al.,6,Pauli et al.
1,1000000.034363,1,SRR372796,10,WT_TLAB,28.5,Pauli et al.,10,Pauli et al.
1,999999.953642,1,SRR372797,10,WT_TLAB,28.5,Pauli et al.,10,Pauli et al.
1,1000000.019601,1,SRR372798,28,WT_TLAB,28.5,Pauli et al.,28,Pauli et al.
1,999999.874754,1,SRR372799,28,WT_TLAB,28.5,Pauli et al.,28,Pauli et al.
1,999999.942392,1,SRR372800,48,WT_TLAB,28.5,Pauli et al.,48,Pauli et al.
1,1000000.051422,1,SRR372801,48,WT_TLAB,28.5,Pauli et al.,48,Pauli et al.
1,999999.926198,1,SRR372802,120,WT_TLAB,28.5,Pauli et al.,120,Pauli et al.
1,1000000.075003,1,SRR372803,120,WT_TLAB,28.5,Pauli et al.,120,Pauli et al.
1,999999.977607,1,DM-Rot_96h_11,96,OBI/WIK,26,JN,82.56,JN
1,1000000.020542,1,DM-Rot_96h_12,96,OBI/WIK,26,JN,82.56,JN
1,999999.989003,1,DM-Rot_96h_13,96,OBI/WIK,26,JN,82.56,JN
1,999999.833391,1,DM-Rot_96h_14,96,OBI/WIK,26,JN,82.56,JN
1,999999.940431,1,DM-Rot_96h_15,96,OBI/WIK,26,JN,82.56,JN
1,1000000.075583,1,DMSO_12h_8,12,OBI/WIK,26,JN,10.32,JN
1,999999.923893,1,DMSO_12h_9,12,OBI/WIK,26,JN,10.32,JN
1,1000000.11949,1,DMSO_24h_34,24,OBI/WIK,26,JN,20.64,JN
1,999999.991487,1,DMSO_24h_36,24,OBI/WIK,26,JN,20.64,JN
1,999999.995881,1,DMSO_27h_44,27,OBI/WIK,26,JN,23.22,JN
1,1000000.080384,1,DMSO_27h_45,27,OBI/WIK,26,JN,23.22,JN
1,1000000.068632,1,DMSO_36h_25,36,OBI/WIK,26,JN,30.96,JN
1,1000000.010596,1,DMSO_36h_27,36,OBI/WIK,26,JN,30.96,JN
1,1000000.072067,1,DMSO_3h_16,3,OBI/WIK,26,JN,2.58,JN
1,1000000.007199,1,DMSO_3h_17,3,OBI/WIK,26,JN,2.58,JN
1,1000000.043939,1,DMSO_48h_70,48,OBI/WIK,26,JN,41.28,JN
1,999999.92711,1,DMSO_48h_71,48,OBI/WIK,26,JN,41.28,JN
1,999999.958766,1,DMSO_72h_134,72,OBI/WIK,26,JN,61.92,JN
1,999999.901608,1,DMSO_72h_135,72,OBI/WIK,26,JN,61.92,JN
1,999999.959111,1,DMSO_96h_88,96,OBI/WIK,26,JN,82.56,JN
1,1000000.011429,1,DMSO_96h_89,96,OBI/WIK,26,JN,82.56,JN
1,999999.853607,1,DMSO_96h_90,96,OBI/WIK,26,JN,82.56,JN
1,1000000.07347,1,DMSO_12h_97,36,OBI/WIK,26,JN,30.96,JN
1,999999.976549,1,DMSO_12h_98,36,OBI/WIK,26,JN,30.96,JN
1,999999.994805,1,DMSO_12h_99,36,OBI/WIK,26,JN,30.96,JN
1,1000000.099732,1,DMSO_24h_124,48,OBI/WIK,26,JN,41.28,JN
1,999999.915815,1,DMSO_24h_125,48,OBI/WIK,26,JN,41.28,JN
1,999999.98251,1,DMSO_24h_126,48,OBI/WIK,26,JN,41.28,JN
1,999999.969278,1,DMSO_3h_106,27,OBI/WIK,26,JN,23.22,JN
1,999999.923474,1,DMSO_3h_107,27,OBI/WIK,26,JN,23.22,JN
1,999999.99498,1,DMSO_48h_80,72,OBI/WIK,26,JN,61.92,JN
1,999999.910752,1,DMSO_48h_81,72,OBI/WIK,26,JN,61.92,JN
1,1000000.08685,1,DMSO_72h_143,96,OBI/WIK,26,JN,82.56,JN
1,999999.953188,1,DMSO_72h_144,96,OBI/WIK,26,JN,82.56,JN
1,1000000.073723,1,Dic_100_I,8,OBI/WIK,26,BK,6.88,BK
1,1000000.001953,1,Dic_100_I-2,8,OBI/WIK,26,BK,6.88,BK
1,999999.924405,1,Dic_104_I-2,12,OBI/WIK,26,BK,10.32,BK
1,999999.853223,1,Dic_106_I,24,OBI/WIK,26,BK,20.64,BK
1,999999.979604,1,Dic_108_I,36,OBI/WIK,26,BK,30.96,BK
1,999999.910765,1,Dic_110_I,48,OBI/WIK,26,BK,41.28,BK
1,1000000.016149,1,Dic_110_I-2,48,OBI/WIK,26,BK,41.28,BK
1,1000000.007053,1,Dic_112_I,51,OBI/WIK,26,BK,43.86,BK
1,1000000.083865,1,Dic_114_I,54,OBI/WIK,26,BK,46.44,BK
1,1000000.054483,1,Dic_116_I,57,OBI/WIK,26,BK,49.019999999999996,BK
1,1000000.001927,1,Dic_118_I,60,OBI/WIK,26,BK,51.6,BK
1,999999.993148,1,Dic_120_I,72,OBI/WIK,26,BK,61.92,BK
1,1000000.136331,1,Dic_122_I,84,OBI/WIK,26,BK,72.24,BK
1,999999.939427,1,Dic_124_I,96,OBI/WIK,26,BK,82.56,BK
1,1000000.061496,1,Dic_126_I,108,OBI/WIK,26,BK,92.88,BK
1,1000000.143894,1,Dic_128_I,120,OBI/WIK,26,BK,103.2,BK
1,999999.984348,1,Dic_130_I,25.5,OBI/WIK,26,BK,21.93,BK
1,999999.988063,1,Dic_132_I,27,OBI/WIK,26,BK,23.22,BK
1,1000000.022474,1,Dic_134_I,30,OBI/WIK,26,BK,25.8,BK
1,999999.980045,1,Dic_136_I,32,OBI/WIK,26,BK,27.52,BK
1,1000000.016761,1,Dic_138_I,34,OBI/WIK,26,BK,29.24,BK
1,1000000.059756,1,Dic_140_I,36,OBI/WIK,26,BK,30.96,BK
1,999999.955885,1,Dic_142_I,48,OBI/WIK,26,BK,41.28,BK
1,1000000.001977,1,Dic_144_I,60,OBI/WIK,26,BK,51.6,BK
1,999999.961051,1,Dic_146_I,72,OBI/WIK,26,BK,61.92,BK
1,999999.987013,1,Dic_148_I,75,OBI/WIK,26,BK,64.5,BK
1,1000000.086601,1,Dic_150_I,78,OBI/WIK,26,BK,67.08,BK
1,1000000.002487,1,Dic_152_I,81,OBI/WIK,26,BK,69.66,BK
1,1000000.129974,1,Dic_154_I,84,OBI/WIK,26,BK,72.24,BK
1,999999.995577,1,Dic_156_I,96,OBI/WIK,26,BK,82.56,BK
1,1000000.02118,1,Dic_158_I,108,OBI/WIK,26,BK,92.88,BK
1,1000000.095328,1,Dic_160_I,120,OBI/WIK,26,BK,103.2,BK
1,1000000.057515,1,Dic_94_I,1.5,OBI/WIK,26,BK,1.29,BK
1,1000000.116527,1,Dic_96_I,3,OBI/WIK,26,BK,2.58,BK
1,1000000.023479,1,Mix3_162_I,1.5,OBI/WIK,26,BK,1.29,BK
1,1000000.014482,1,Mix3_164_I,3,OBI/WIK,26,BK,2.58,BK
1,999999.957379,1,Mix3_166_I,6,OBI/WIK,26,BK,5.16,BK
1,999999.972993,1,Mix3_168_I,10,OBI/WIK,26,BK,8.6,BK
1,1000000.020992,1,Mix3_170_I,12,OBI/WIK,26,BK,10.32,BK
1,999999.956387,1,Mix3_172_I,24,OBI/WIK,26,BK,20.64,BK
1,1000000.015941,1,Mix3_174_I,36,OBI/WIK,26,BK,30.96,BK
1,999999.944629,1,Mix3_176_I,48,OBI/WIK,26,BK,41.28,BK
1,1000000.011983,1,Mix3_178_I,60,OBI/WIK,26,BK,51.6,BK
1,999999.981727,1,Mix3_180_I,72,OBI/WIK,26,BK,61.92,BK
1,1000000.032885,1,Mix3_182_I,84,OBI/WIK,26,BK,72.24,BK
1,1000000.071699,1,Mix3_184_I,96,OBI/WIK,26,BK,82.56,BK
1,999999.867497,1,Mix3_186_I,108,OBI/WIK,26,BK,92.88,BK
1,999999.868586,1,Mix3_188_I,120,OBI/WIK,26,BK,103.2,BK
1,999999.961808,1,Mix3_220_I,1.5,OBI/WIK,26,BK,1.29,BK
1,1000000.018038,1,Mix3_220_I-2,1.5,OBI/WIK,26,BK,1.29,BK
1,1000000.130954,1,Mix3_222_I,3,OBI/WIK,26,BK,2.58,BK
1,1000000.01239,1,Mix3_224_I-2,6,OBI/WIK,26,BK,5.16,BK
1,1000000.023715,1,Mix3_226_I-2,8,OBI/WIK,26,BK,6.88,BK
1,1000000.035966,1,Mix3_228,10,OBI/WIK,26,BK,8.6,BK
1,1000000.014324,1,Mix3_230_I,12,OBI/WIK,26,BK,10.32,BK
1,999999.954363,1,Mix3_232_I,24,OBI/WIK,26,BK,20.64,BK
1,999999.9435620001,1,Mix3_234_I,36,OBI/WIK,26,BK,30.96,BK
1,999999.980148,1,Mix3_236_I,48,OBI/WIK,26,BK,41.28,BK
1,999999.961453,1,Mix3_238_I,60,OBI/WIK,26,BK,51.6,BK
1,999999.968637,1,Mix3_240_I,72,OBI/WIK,26,BK,61.92,BK
1,999999.952958,1,Mix3_242_I,84,OBI/WIK,26,BK,72.24,BK
1,1000000.001594,1,Mix3_244_I,96,OBI/WIK,26,BK,82.56,BK
1,999999.934875,1,Mix3_246_I,108,OBI/WIK,26,BK,92.88,BK
1,1000000.032732,1,Mix3_248_I,120,OBI/WIK,26,BK,103.2,BK
1,1000000.072753,1,Mix3_333_I,25.5,OBI/WIK,26,BK,21.93,BK
1,999999.988807,1,Mix3_335_I,27,OBI/WIK,26,BK,23.22,BK
1,1000000.017329,1,Mix3_337_I,30,OBI/WIK,26,BK,25.8,BK
1,999999.886372,1,Mix3_339_I,32,OBI/WIK,26,BK,27.52,BK
1,999999.996974,1,Mix3_341_I,34,OBI/WIK,26,BK,29.24,BK
1,999999.970305,1,Mix3_343_I,36,OBI/WIK,26,BK,30.96,BK
1,1000000.010766,1,Mix3_345_I,48,OBI/WIK,26,BK,41.28,BK
1,1000000.08065,1,Mix3_347_I,60,OBI/WIK,26,BK,51.6,BK
1,999999.853166,1,Mix3_349_I,72,OBI/WIK,26,BK,61.92,BK
1,1000000.01374,1,Mix3_351_I,84,OBI/WIK,26,BK,72.24,BK
1,999999.929179,1,Mix3_353_I,96,OBI/WIK,26,BK,82.56,BK
1,1000000.072373,1,Mix3_355_I,108,OBI/WIK,26,BK,92.88,BK
1,999999.976883,1,Nap_250_I,1.5,OBI/WIK,26,BK,1.29,BK
1,999999.996207,1,Nap_252_I,3,OBI/WIK,26,BK,2.58,BK
1,999999.919812,1,Nap_254_I,6,OBI/WIK,26,BK,5.16,BK
1,1000000.175254,1,Nap_256_I,8,OBI/WIK,26,BK,6.88,BK
1,999999.96413,1,Nap_258_I,10,OBI/WIK,26,BK,8.6,BK
1,999999.956579,1,Nap_260_I,12,OBI/WIK,26,BK,10.32,BK
1,1000000.117236,1,Nap_262_I,24,OBI/WIK,26,BK,20.64,BK
1,999999.990519,1,Nap_266_I,48,OBI/WIK,26,BK,41.28,BK
1,999999.979837,1,Nap_268_I,60,OBI/WIK,26,BK,51.6,BK
1,999999.887321,1,Nap_270_I,72,OBI/WIK,26,BK,61.92,BK
1,1000000.003053,1,Nap_272_I,84,OBI/WIK,26,BK,72.24,BK
1,1000000.062185,1,Nap_274_I,96,OBI/WIK,26,BK,82.56,BK
1,999999.9733290001,1,Nap_276_I,99,OBI/WIK,26,BK,85.14,BK
1,1000000.012986,1,Nap_278_I,102,OBI/WIK,26,BK,87.72,BK
1,1000000.022529,1,Nap_282_I,108,OBI/WIK,26,BK,92.88,BK
1,1000000.0834840001,1,Nap_284_I,120,OBI/WIK,26,BK,103.2,BK
1,999999.974848,1,Nap_286_I,25.5,OBI/WIK,26,BK,21.93,BK
1,1000000.061341,1,Nap_288_I,27,OBI/WIK,26,BK,23.22,BK
1,999999.999246,1,Nap_290_I,30,OBI/WIK,26,BK,25.8,BK
1,1000000.050053,1,Nap_293_I,32,OBI/WIK,26,BK,27.52,BK
1,999999.932953,1,Nap_294_I,34,OBI/WIK,26,BK,29.24,BK
1,999999.996646,1,Nap_296_I,36,OBI/WIK,26,BK,30.96,BK
1,1000000.0289489999,1,Nap_298_I,48,OBI/WIK,26,BK,41.28,BK
1,1000000.008222,1,Nap_300_I,60,OBI/WIK,26,BK,51.6,BK
1,999999.9964,1,Nap_302_I,72,OBI/WIK,26,BK,61.92,BK
1,999999.895901,1,Nap_304_I,84,OBI/WIK,26,BK,72.24,BK
1,999999.931293,1,Nap_306_I,96,OBI/WIK,26,BK,82.56,BK
1,1000000.138746,1,Nap_308_I,108,OBI/WIK,26,BK,92.88,BK
1,1000000.099558,1,Nap_310_I,120,OBI/WIK,26,BK,103.2,BK
