GeneID,TranscriptID,GeneName,2 hpf,4 hpf,6 hpf
ENSDARG00000038876,ENSDART00000134975,zgc:101569,26.1,47.1,37.7
ENSDARG00000040266,ENSDART00000058910,sox19b,31.1,38.0,32.3
ENSDARG00000062272,ENSDART00000089834,afg3l2,20.0,30.9,30.5
ENSDARG00000019791,ENSDART00000013409,prmt3,19.2,58.2,28.4
ENSDARG00000062187,ENSDART00000089622,kif14,42.7,37.4,72.7
ENSDARG00000002021,ENSDART00000022830,pygb,36.1,68.4,45.0
ENSDARG00000033604,ENSDART00000145272,lrpap1,33.1,40.4,49.8
ENSDARG00000015088,ENSDART00000123374,dnajb11,35.7,43.9,32.7
ENSDARG00000009250,ENSDART00000010081,etfb,18.6,49.0,57.9
ENSDARG00000008979,ENSDART00000098578,golga1,26.9,34.9,29.5
ENSDARG00000062363,ENSDART00000090010,phex,14.6,30.5,41.5
ENSDARG00000011466,ENSDART00000007622,lace1a,18.3,29.3,64.0
ENSDARG00000071868,ENSDART00000106654,znf711,26.2,27.9,56.3
ENSDARG00000028448,ENSDART00000033774,edem2,23.6,34.8,31.8
ENSDARG00000043213,ENSDART00000063437,adam17a,51.5,70.1,39.0
ENSDARG00000027689,ENSDART00000055859,pold1,31.5,48.4,43.8
ENSDARG00000014474,ENSDART00000006748,yipf1,33.9,32.6,43.8
ENSDARG00000039892,ENSDART00000058351,gnpnat1,24.1,24.2,58.2
ENSDARG00000098317,ENSDART00000052859,dync1li1,30.8,35.2,61.5
ENSDARG00000062695,ENSDART00000090942,ccdc126,17.5,32.6,66.2
ENSDARG00000026348,ENSDART00000024354,csad,35.2,47.6,84.5
ENSDARG00000062521,ENSDART00000136294,atp9b,23.6,30.2,54.6
ENSDARG00000099177,ENSDART00000073650,dok1b,23.3,26.5,16.8
ENSDARG00000006240,ENSDART00000018908,slc27a1a,50.7,63.6,26.3
ENSDARG00000017037,ENSDART00000079852,ikbkg,15.4,32.6,54.0
ENSDARG00000035181,ENSDART00000050966,slc25a46,29.1,28.9,26.6
ENSDARG00000103902,ENSDART00000055242,nde1,41.4,48.9,61.2
ENSDARG00000018397,ENSDART00000004034,hpca,18.4,34.5,29.5
ENSDARG00000020529,ENSDART00000004031,hacl1,40.3,68.8,24.4
ENSDARG00000022845,ENSDART00000036448,lias,28.5,39.8,42.9
ENSDARG00000055899,ENSDART00000126303,lzic,26.0,28.2,78.7
ENSDARG00000043732,ENSDART00000064215,cops4,28.5,39.9,59.8
ENSDARG00000036073,ENSDART00000052365,cebpg,38.5,37.9,47.3
ENSDARG00000006257,ENSDART00000023766,vldlr,18.7,26.8,19.0
ENSDARG00000105276,ENSDART00000009214,grb2a,20.8,33.4,49.9
ENSDARG00000018788,ENSDART00000013082,st8sia2,29.5,37.0,44.9
ENSDARG00000025788,ENSDART00000008589,chp2,43.0,49.5,26.0
ENSDARG00000100519,ENSDART00000016612,spop,15.8,24.2,26.8
ENSDARG00000101251,ENSDART00000059886,ldha,22.7,27.8,50.0
ENSDARG00000061437,ENSDART00000087604,inpp5f,25.2,28.5,61.0
ENSDARG00000070399,ENSDART00000103257,alg2,25.1,52.3,74.1
ENSDARG00000098689,ENSDART00000151730,ptpn23b,30.3,27.6,20.8
ENSDARG00000060594,ENSDART00000076009,hadhab,34.8,35.6,65.9
ENSDARG00000052025,ENSDART00000130973,pomgnt1,45.7,57.7,31.6
ENSDARG00000039429,ENSDART00000057605,adka,45.6,89.4,74.9
ENSDARG00000098820,ENSDART00000048322,ftr67,24.1,26.4,47.9
ENSDARG00000061789,ENSDART00000088513,gnl1,31.6,48.2,42.4
ENSDARG00000070801,ENSDART00000065103,opa1,42.7,,
ENSDARG00000002298,ENSDART00000028003,ankrd22,23.3,32.2,33.6
ENSDARG00000044513,ENSDART00000065365,tpst1l,27.6,38.0,23.7
ENSDARG00000056695,ENSDART00000142474,phc2a,26.6,34.6,59.3
ENSDARG00000045567,ENSDART00000067004,phpt1,30.6,48.6,45.6
ENSDARG00000034883,ENSDART00000135124,acbd5a,55.1,40.4,61.7
ENSDARG00000042946,ENSDART00000063052,hook1,21.2,35.7,21.6
ENSDARG00000010437,ENSDART00000139174,fam46c,22.6,36.8,21.7
ENSDARG00000023152,ENSDART00000030984,wdr73,19.0,23.6,60.5
ENSDARG00000025693,ENSDART00000028887,tmem9b,21.7,29.6,62.2
ENSDARG00000074915,ENSDART00000152789,etaa1,13.3,21.9,49.5
ENSDARG00000015474,ENSDART00000009356,ppp2r5ea,19.6,28.9,39.2
ENSDARG00000105045,ENSDART00000125839,bmpr1ab,21.6,35.0,86.5
ENSDARG00000043177,ENSDART00000063392,lsm1,28.1,24.9,29.3
ENSDARG00000075314,ENSDART00000136623,zgc:174906,35.0,33.9,66.0
ENSDARG00000098771,ENSDART00000103100,cbx8b,23.7,23.9,14.4
ENSDARG00000079015,ENSDART00000111472,brca2,20.8,32.2,71.8
ENSDARG00000092123,ENSDART00000147912,si:dkey-20d21.12,23.2,32.9,27.6
ENSDARG00000020494,ENSDART00000014232,znf330,23.4,38.8,55.7
ENSDARG00000004851,ENSDART00000124487,hinfp,42.7,26.3,28.7
ENSDARG00000016866,ENSDART00000137556,fam102ab,26.1,43.6,15.5
ENSDARG00000006915,ENSDART00000014552,arl8ba,31.3,31.0,48.1
ENSDARG00000004280,ENSDART00000013865,seh1l,30.7,53.0,55.9
ENSDARG00000008573,ENSDART00000013453,fam20b,28.0,34.4,25.5
ENSDARG00000005993,ENSDART00000134941,prc1b,23.8,10.9,20.6
ENSDARG00000033437,ENSDART00000044378,rps6ka1,31.8,28.3,45.1
ENSDARG00000070432,ENSDART00000103336,ino80,33.0,34.6,42.9
ENSDARG00000054501,ENSDART00000076693,stambpa,27.9,30.5,22.6
ENSDARG00000030267,ENSDART00000049331,gtf3aa,17.5,32.0,45.7
ENSDARG00000043021,ENSDART00000063157,slc26a11,39.8,31.6,73.7
ENSDARG00000056623,ENSDART00000079138,ptenb,34.3,37.3,46.2
ENSDARG00000024693,ENSDART00000031194,lysmd3,32.6,36.8,37.8
ENSDARG00000103173,ENSDART00000060547,stx8,21.9,38.2,41.3
ENSDARG00000002912,ENSDART00000026258,adipor1a,24.7,28.0,53.2
ENSDARG00000034541,ENSDART00000039832,tgfbr2,21.1,34.1,9.1
ENSDARG00000035556,ENSDART00000051546,rps6ka3a,29.2,42.0,29.4
ENSDARG00000069328,ENSDART00000100791,si:dkey-12e7.1,32.8,31.9,24.6
ENSDARG00000103207,ENSDART00000148777,rab11fip4b,28.3,29.3,86.7
ENSDARG00000057513,ENSDART00000080201,mdm4,40.8,29.9,46.3
ENSDARG00000056102,ENSDART00000078525,uxs1,23.5,30.0,90.9
ENSDARG00000100072,ENSDART00000074004,mgrn1a,8.7,,36.1
ENSDARG00000038835,ENSDART00000124773,ppid,16.2,47.6,
ENSDARG00000053138,ENSDART00000075129,lrrc47,,,
ENSDARG00000007065,ENSDART00000023074,mrps18b,21.8,38.2,50.2
ENSDARG00000056414,ENSDART00000078908,usp1,57.0,73.8,41.6
ENSDARG00000021974,ENSDART00000125396,sfr1,19.2,32.4,28.3
ENSDARG00000098075,ENSDART00000052293,sh3bgrl3,32.8,52.9,35.8
ENSDARG00000018918,ENSDART00000132950,rad17,15.7,21.1,73.6
ENSDARG00000018738,ENSDART00000016167,zw10,22.0,28.5,50.1
ENSDARG00000102874,ENSDART00000080120,immt,21.8,41.5,29.0
ENSDARG00000015471,ENSDART00000020505,chd1l,30.7,39.5,32.3
ENSDARG00000009640,ENSDART00000007231,psmb1,18.2,38.2,81.5
ENSDARG00000074909,ENSDART00000145043,dcaf17,27.0,38.9,10.7
ENSDARG00000076334,ENSDART00000111486,mrpl43,21.7,32.0,41.9
ENSDARG00000010300,ENSDART00000007189,traf3ip1,28.7,30.8,37.1
ENSDARG00000017188,ENSDART00000104032,si:ch211-223m11.2,21.5,41.2,31.8
ENSDARG00000039913,ENSDART00000058383,tmem147,39.5,51.8,40.9
ENSDARG00000013079,ENSDART00000020192,tubgcp2,26.9,33.2,64.2
ENSDARG00000101557,ENSDART00000129480,scarb1,26.8,41.3,73.4
ENSDARG00000057272,ENSDART00000079866,slc30a9,30.2,31.6,64.3
ENSDARG00000063249,ENSDART00000092256,mrpl9,22.9,33.5,54.3
ENSDARG00000043734,ENSDART00000064219,trmu,37.2,36.2,48.6
ENSDARG00000036155,ENSDART00000139293,gla,27.7,9.9,16.9
ENSDARG00000025421,ENSDART00000028955,tdrd3,32.5,42.4,64.5
ENSDARG00000068919,ENSDART00000138460,rad51c,17.3,24.1,56.2
ENSDARG00000001313,ENSDART00000001444,g2e3,21.4,29.7,71.0
ENSDARG00000054799,ENSDART00000143948,rfc1,45.9,32.6,71.4
ENSDARG00000094992,ENSDART00000064083,otx1b,25.9,27.7,61.9
ENSDARG00000018623,ENSDART00000011785,rad54l,36.9,39.0,47.6
ENSDARG00000010316,ENSDART00000115253,qars,23.3,47.6,53.5
ENSDARG00000093182,ENSDART00000134690,eif2ak1,25.3,38.3,56.8
ENSDARG00000105185,ENSDART00000145658,snx7,17.8,29.7,32.8
ENSDARG00000060510,ENSDART00000085295,cul4b,24.2,45.8,57.0
ENSDARG00000032516,ENSDART00000045682,rrp36,21.0,38.6,50.5
ENSDARG00000086471,ENSDART00000124963,pkig,18.1,25.9,14.3
ENSDARG00000010862,ENSDART00000087151,amt,35.0,23.8,25.5
ENSDARG00000071562,ENSDART00000122727,mtus1a,31.6,26.6,32.9
ENSDARG00000032340,ENSDART00000042158,serhl,34.0,41.3,10.0
ENSDARG00000003250,ENSDART00000006120,pik3cd,55.0,32.9,2.6
ENSDARG00000057867,ENSDART00000051807,lasp1,31.3,26.1,54.3
ENSDARG00000025420,ENSDART00000031761,fzd5,27.1,25.5,44.9
ENSDARG00000054473,ENSDART00000141165,tinf2,22.7,42.7,74.4
ENSDARG00000041140,ENSDART00000100665,ddb2,21.6,30.6,23.4
ENSDARG00000053876,ENSDART00000075998,klhl26,22.8,33.1,2.8
ENSDARG00000030106,ENSDART00000048375,stmn4,20.3,45.0,32.0
ENSDARG00000076290,ENSDART00000063525,calr,28.6,33.3,34.7
ENSDARG00000030964,ENSDART00000067608,pde12,26.2,31.7,45.6
ENSDARG00000055162,ENSDART00000077484,zhx2,36.4,41.6,65.2
ENSDARG00000031761,ENSDART00000017956,dab2,19.1,29.9,25.5
ENSDARG00000035607,ENSDART00000145210,ankle2,26.8,27.1,38.3
ENSDARG00000006010,ENSDART00000066765,bmi1a,28.3,33.9,32.0
ENSDARG00000003017,ENSDART00000008490,zgc:55512,36.7,35.3,43.7
ENSDARG00000070604,ENSDART00000103857,zgc:162509,33.5,36.2,13.8
ENSDARG00000010169,ENSDART00000011143,myd88,29.0,31.2,67.7
ENSDARG00000009266,ENSDART00000048507,uevld,29.7,25.8,41.2
ENSDARG00000101542,ENSDART00000146311,si:dkeyp-53d3.5,20.1,41.5,59.7
ENSDARG00000070028,ENSDART00000102430,tmem41aa,34.4,38.5,32.1
