GeneID,NRMSE,NRMSE_lower,NRMSE_upper,LogLik,LogLik_lower,LogLik_upper,BIC,BIC_lower,BIC_upper
ENSDARG00000001313,0.26407454463856855,0.11175888188642881,0.4363247169108077,-14.500785,-18.364437103271484,-11.293039321899414,32.29740624485717,25.881915509803157,40.0247110725473
ENSDARG00000002021,0.24853563553815847,0.11233618483848735,0.397487100712465,-12.38795,-15.586143493652344,-9.927547454833984,28.071737374169683,23.150931775672298,34.46812385330902
ENSDARG00000002298,0.2570400626701398,0.08864733946434437,0.4574175995148283,-7.699423,-10.033896446228027,-6.199102401733398,18.694682002050733,15.694041669471126,23.363629758460384
ENSDARG00000002912,0.279946700240606,0.09419089361792361,0.4698520888016376,-12.338906,-16.00078773498535,-9.546670913696289,27.973647340638493,22.389178693396907,35.29741233597503
ENSDARG00000003017,0.9177975633279878,0.3891764301593048,1.4921047576116624,-12.219328,-15.47592830657959,-9.803995132446289,27.73449372039542,22.903827130896907,34.24769347916351
ENSDARG00000003250,0.07855075523597964,0.030560297319709395,0.1313121085703187,-9.518655,-12.280113220214844,-7.689230918884277,22.333148429734564,18.674298703772884,27.856063306434017
ENSDARG00000004280,0.11560582104491934,0.03933764122728503,0.20126427434989216,-8.079391,-10.668392181396484,-6.467994689941406,19.454618020160055,16.23182624588714,24.632621228797298
ENSDARG00000004851,0.6082424723079871,0.2748010847769419,0.959222161023401,-13.372667,-16.82545280456543,-10.676276206970215,30.04117108808265,24.64838927994476,36.94674247513519
ENSDARG00000005993,0.7729104252585732,0.2921016367948847,1.2810312619667958,-13.364881,-17.133438110351562,-10.375988006591797,30.025599228246072,24.047812879187923,37.562713086707454
ENSDARG00000006010,0.6515638941316522,0.23022669212198368,1.1012246131279126,-9.0516405,-11.702108383178711,-7.293722629547119,21.399116047007894,17.883282125098567,26.70005363236175
ENSDARG00000006240,0.2717368007547762,0.12480637535152926,0.42857096740466355,-13.401827,-16.75182342529297,-10.687850952148438,30.099491692406993,24.671538770301204,36.79948371659027
ENSDARG00000006257,0.1324143459320244,0.028538946148361333,0.258909920162809,-3.9490318,-6.051132678985596,-2.616079330444336,11.193900377316336,8.527995526893001,15.39810222397552
ENSDARG00000006915,0.4667376957125647,0.19389203025242577,0.7670636550031714,-12.370472,-15.64670181274414,-9.793417930603027,28.03678086529479,22.882672727210384,34.58924049149261
ENSDARG00000007065,0.15551446737795396,0.05663535581620843,0.2581337395866696,-9.833429,-12.659402847290039,-7.950046062469482,22.962696245415067,19.195928990943294,28.614642560584407
ENSDARG00000008573,0.059050146056622996,0.004453999165610641,0.13955931231378854,-0.9651798,-4.299595832824707,2.5096540451049805,5.226196445016127,-1.7234712242056318,11.895028531653743
ENSDARG00000008979,0.5090545591447352,0.17696870328919442,0.8319689634868678,-9.511955,-12.24364185333252,-7.660471439361572,22.319748102409697,18.616779744727474,27.783120572669368
ENSDARG00000009250,0.03449691388921861,0.0074720381614135295,0.06405565206379021,-4.8998895,-6.947761535644531,-3.637145519256592,13.095616382701257,10.570127904517513,17.19135993729339
ENSDARG00000009266,0.48745838824125026,0.1806252409665636,0.8026208440369929,-12.083552,-15.395430564880371,-9.496124267578125,27.462942725760794,22.28808540116058,34.08669799576507
ENSDARG00000009640,0.1213994848706612,0.0447121838434088,0.20974284309230462,-12.174098,-15.761549949645996,-9.344549179077148,27.644031721694326,21.984935224158626,34.81893676529632
ENSDARG00000010169,0.302247507835188,0.13181251019752915,0.5024089428640376,-14.036849,-17.764039993286133,-10.964576721191406,31.3695338374208,25.22499030838714,38.823916852576595
ENSDARG00000010300,0.3486599903513398,0.11119422003900457,0.6379357290543753,-8.077939,-10.748655319213867,-6.340146064758301,19.451714152915333,15.97612899552093,24.793147504432063
ENSDARG00000010316,0.03798633037755182,0.008122666938031318,0.07389764445577333,-4.210921,-6.382375240325928,-2.8874545097351074,11.717678469641069,9.070745885474544,16.060587346656185
ENSDARG00000010437,0.19558917066885403,0.07158851723005147,0.34142142642096424,-8.136266,-10.764814376831055,-6.53302526473999,19.56836916206584,16.36188739548431,24.82546561966644
ENSDARG00000010862,0.7600002043818865,0.3266272895600916,1.2185353408460127,-12.68443,-16.04375648498535,-10.154747009277344,28.664696642739628,23.605330884559017,35.38334983597503
ENSDARG00000011466,0.16058226173974205,0.05557987494965639,0.2751817925538154,-11.991639,-15.611144065856934,-9.15109920501709,27.279114276511525,21.59803527603851,34.518124997718196
ENSDARG00000013079,0.23132559821474655,0.08712340916205198,0.3881107186927659,-12.684214,-16.22651481628418,-9.875768661499023,28.664265207393026,23.047374189002376,35.74886649857269
ENSDARG00000014474,0.6941688284358861,0.291187256498407,1.1219855382519095,-12.272467,-15.539389610290527,-9.8233642578125,27.840770818574285,22.94256538162933,34.374616086585384
ENSDARG00000015088,0.0487230460407864,0.005018309692651355,0.11623128440954549,-1.1157392,-4.56112003326416,1.9825439453125,5.5273154388646875,-0.6692510246206709,12.41807693253265
ENSDARG00000015471,0.13536417910176263,0.03347953655721056,0.26366261880750524,-4.3708763,-6.4631266593933105,-3.0583221912384033,12.037589579982617,9.412481248481136,16.22209018479095
ENSDARG00000015474,0.1721099073500851,0.06198655205969865,0.29406423863849007,-8.746572,-11.35285472869873,-7.037742614746094,20.78897972176776,17.371322095496517,26.00154632340179
ENSDARG00000016866,0.2937412308691543,0.12282187730581157,0.46219361878485776,-12.540574,-15.736352920532227,-9.974259376525879,28.376984831197117,23.244355619056087,34.76854270706878
ENSDARG00000017037,0.024906539057716996,0.0033929264721673106,0.05094827608656533,-3.4598818,-6.058933258056641,-1.747363567352295,10.215600615901806,6.790564000708919,15.41370338211761
ENSDARG00000017188,0.22853396775531337,0.08210428962152218,0.37358110864294825,-9.930768,-12.670646667480469,-7.982573509216309,23.157372911436415,19.260983884436946,28.637130200965267
ENSDARG00000018397,0.13954984361138975,0.04353940150013728,0.24409248395373895,-6.9626803,-9.215503692626953,-5.566547393798828,17.221196809155796,14.428931653601985,21.726844251258235
ENSDARG00000018623,0.4587465119268803,0.16449889857085626,0.7566061716086253,-10.323141,-13.223511695861816,-8.228649139404297,23.94212027607665,19.753135144812923,29.742860257727962
ENSDARG00000018738,0.2091095548961987,0.07849124618816924,0.3525973233402843,-11.03652,-14.123144149780273,-8.716636657714844,25.368877231938697,20.729110181434017,31.542125165564876
ENSDARG00000018788,0.3043472839846669,0.11083537494096503,0.5030003205122331,-10.125723,-13.010894775390625,-8.136798858642578,23.54728247295127,19.569434583289485,29.31762641678558
ENSDARG00000018918,0.263097118482429,0.11794170262080149,0.4420462784784701,-15.205149,-19.397441864013672,-11.883405685424805,33.70613317785964,27.06264823685394,42.09072059403167
ENSDARG00000019791,0.3640888575355363,0.17810269871659043,0.5643582657432973,-14.864871,-18.496267318725586,-11.863187789916992,33.02558102641807,27.022212445838313,40.2883715034555
ENSDARG00000020494,0.10057689084322649,0.035446705822013744,0.17365572369243207,-8.536285,-11.158348083496094,-6.8467912673950195,20.36840731964812,16.989419400794368,25.612533032996517
ENSDARG00000020529,0.32734693037874074,0.15037957249422643,0.5021134323342626,-14.979547,-18.597070693969727,-11.930130958557129,33.254930695159295,27.156098783118587,40.48997825394378
ENSDARG00000021974,0.18318734061282213,0.0421239325226804,0.4464123203996223,-23502.178,-146769.21875,-3.402799606323242,47007.65355771902,10.101436078650813,293541.733336866
ENSDARG00000022845,0.25160185104504046,0.08556007122771687,0.422913137131545,-9.007061,-11.574514389038086,-7.2583746910095215,21.309956587536192,17.812586248023372,26.4448656440805
ENSDARG00000023152,0.27344579826098653,0.11344833786509498,0.4584990385402627,-13.88792,-17.713998794555664,-10.85004997253418,31.07167805014358,24.99593681107269,38.72383445511566
ENSDARG00000024693,1.0635437633595695,0.4255140961100492,1.7575311609953461,-10.806442,-13.751384735107422,-8.690153121948242,24.908720978362417,20.676143109900813,30.798606336219173
ENSDARG00000025420,0.6790518488900705,0.295998097558013,1.2530045642679357,-27960.021,-149500.46875,-10.396352767944336,55923.33874214587,24.088542401893,299004.233336866
ENSDARG00000025421,0.2770753697730944,0.12000416139168853,0.448723982195761,-12.834611,-16.112239837646484,-10.216096878051758,28.965058863742208,23.728030622107845,35.5203165412973
ENSDARG00000025693,0.19664890940674626,0.07066470508705357,0.3313196117731239,-12.348616,-15.884102821350098,-9.55892276763916,27.99306841765151,22.41368240128265,35.064042508704524
ENSDARG00000025788,0.17434231298333586,0.06485594840484474,0.28924572736761167,-9.490726,-12.187959671020508,-7.677282333374023,22.27728938565955,18.650401532752376,27.671756208045345
ENSDARG00000026348,0.2314789478538004,0.09723661628969323,0.37759069314975524,-13.997709,-17.865955352783203,-10.885478973388672,31.291254628999095,25.066794812781673,39.027747571570735
ENSDARG00000027689,0.0350306290567562,0.004160202393578074,0.08032976504253657,-1.4952507,-4.368017673492432,1.2796519994735718,6.286338246090272,0.7365328670571856,12.031872212989192
ENSDARG00000028448,0.05291371151771628,0.004311800781056641,0.12160511455322923,-1.4682992,-4.47353458404541,1.5350251197814941,6.232435208080271,0.22578662644134084,12.24290603409515
ENSDARG00000030106,0.3257658485599794,0.14021047639053158,0.5241607639623971,-12.434971,-15.78606128692627,-9.956832885742188,28.165776912791586,23.209502637488704,34.86795943985687
ENSDARG00000030267,0.06951428297856964,0.017622367818879252,0.12333023072988515,-6.442872,-8.696895599365234,-5.06993293762207,16.181580597741462,13.43570274124847,20.689628064734798
ENSDARG00000030964,0.2970500391060958,0.1223553861610962,0.49091412187798633,-10.980803,-14.004624366760254,-8.770143508911133,25.257443331343985,20.836123883826595,31.305085599524837
ENSDARG00000031761,0.06073173599738608,0.006720751582759783,0.13361061587771378,-1.9217813,-4.5287184715271,0.38289010524749756,7.1393994999955686,2.530056655509334,12.353273809058528
ENSDARG00000032340,0.1874769556463521,0.07143496767174,0.2993080353074087,-11.047698,-13.995241165161133,-8.852092742919922,25.391233273370123,21.000022351844173,31.286319196326595
ENSDARG00000032516,0.08668932446708351,0.02864290929018891,0.15317930211480793,-7.554341,-9.960862159729004,-6.033370494842529,18.404519271356914,15.362577855689388,23.217561185462337
ENSDARG00000033437,0.6146586968914031,0.27014829332472495,0.9833362742758422,-13.515932,-16.999807357788086,-10.81065559387207,30.32770008311973,24.91714805374847,37.2954515815805
ENSDARG00000033604,0.4950043150036201,0.2032609946414656,0.7825713328146943,-12.536692,-15.747766494750977,-10.03069019317627,28.369220640046453,23.357217252356868,34.79136985550628
ENSDARG00000034541,0.21676781107243126,0.08675783377559476,0.35292179735327595,-10.692895,-13.57474136352539,-8.586997985839844,24.681625540835714,20.469832837684017,30.44531959305511
ENSDARG00000034883,0.6822324814233438,0.3250706291056352,1.0282297017789357,-1007407360.0,-4029630208.0,-12.695049285888672,2014815129.8712611,28.685935437781673,8059260419.295836
ENSDARG00000035181,2.123993012299884,0.8402660336124734,3.4979870048268475,-10.618604,-13.463582038879395,-8.5341157913208,24.533043497664785,20.36406844864593,30.223000943763118
ENSDARG00000035556,0.3350214368948685,0.12498449856970399,0.562470044967377,-9.699581,-12.433634757995605,-7.83230447769165,22.695000377518987,18.96044582138763,28.16310638199554
ENSDARG00000035607,0.6797585964444022,0.2726964479895699,1.0816432069833821,-12.275549,-15.62874984741211,-9.858942031860352,27.84693574057326,23.013720929725032,34.55333656082855
ENSDARG00000036073,1.0074126598850432,0.4690284367446612,1.6309430555293127,-13.171091,-16.57113265991211,-10.535114288330078,29.63801745591865,24.366065442664485,36.43810218582855
ENSDARG00000036155,0.6031765392703003,0.269742236610772,0.9618431905031233,-13.712024,-17.30902671813965,-10.856283187866211,30.719882751567223,25.00840324173675,37.913890302283626
ENSDARG00000038876,0.05790606776034997,0.012575967622388974,0.11000170991792649,-4.4372373,-6.47274112701416,-3.158722400665283,12.170310582322934,9.613281667334896,16.24131912003265
ENSDARG00000039429,0.20048907754507994,0.09406232316224553,0.3231176280638914,-12.783553,-16.12014389038086,-10.262893676757812,28.862942633731226,23.821624219519954,35.53612464676605
ENSDARG00000039892,0.31419932411754964,0.12586086358321666,0.5130161080985615,-13.618706,-17.321414947509766,-10.728484153747559,30.533247782571177,24.752805173499446,37.93866676102386
ENSDARG00000039913,0.06264053508769514,0.00969017652868903,0.13587801169485209,-2.594,-5.065993309020996,-0.750956654548645,8.483836567966202,4.797750175101619,13.427823484046321
ENSDARG00000040266,0.4615832273766571,0.16580083614482996,0.797180899428028,-8.462283,-10.96718978881836,-6.848421096801758,20.220403234822605,16.992679059607845,25.230216443641048
ENSDARG00000041140,0.15063617086444692,0.03934205729112399,0.28797903866704705,-4.9328985,-6.9968156814575195,-3.667464017868042,13.16163370357261,10.630764901740413,17.289468228919368
ENSDARG00000042946,0.2535362883852391,0.0989268742890388,0.43434842598968637,-9.038177,-11.665741920471191,-7.312082290649414,21.37219006679759,17.920001447303157,26.627320706946712
ENSDARG00000043021,0.4198538106216431,0.182503305581285,0.6644767727799646,-15.836674,-19.849306106567383,-12.48021125793457,34.96918409119354,28.25625938187347,42.994449079139095
ENSDARG00000043177,1.6878535781264705,0.7242263613519392,2.741046330020981,-12.067275,-15.276905059814453,-9.662734985351562,27.430387640101767,22.621306836707454,33.849646985633235
ENSDARG00000043213,0.28289171645953015,0.11686883019890545,0.443171127868695,-12.795702,-16.11923599243164,-10.28836727142334,28.887241545541148,23.87257140885101,35.53430885086761
ENSDARG00000043732,0.12202472764189992,0.048099774079551565,0.2157660308679342,-40322276.0,-161281520.0,-7.5274786949157715,80644554.0344433,18.350794255835872,322563043.29583687
ENSDARG00000043734,0.7224787085953672,0.3079056088222702,1.15599498546077,-12.882348,-16.190166473388672,-10.285987854003906,29.060534022433615,23.86781257401214,35.67616981278167
ENSDARG00000044513,0.12144861771403596,0.03612164424946307,0.2198628850648209,-5.9115252,-8.146495819091797,-4.617186546325684,15.118888212544775,12.530209958655696,19.588828504187923
ENSDARG00000045567,0.05764418163059578,0.012064342055812307,0.11622192494503994,-3.8164163,-5.902584075927734,-2.467341661453247,10.928669146342138,8.230520188910823,15.101005017859798
ENSDARG00000052025,0.2100373068105217,0.08350781678231975,0.33932593082604273,-10.76963,-13.757969856262207,-8.693479537963867,24.835098429543827,20.682795941932063,30.811776578528743
ENSDARG00000053876,0.24591650091780354,0.11137602204218186,0.39787337109359916,-12.081389,-15.303031921386719,-9.711008071899414,27.45861684618697,22.717853009803157,33.90190070877777
ENSDARG00000054473,0.1816023132352109,0.06967150836040492,0.30887746766041857,-13.061984,-16.786157608032227,-9.974042892456055,29.419805399758673,23.24392265091644,36.86815208206878
ENSDARG00000054501,0.3517426665423716,0.11303469294599804,0.6104660179155285,-7.9365797,-10.417778015136719,-6.351515769958496,19.16899558530555,15.998868405921321,24.131392896277767
ENSDARG00000054799,0.4989351341210979,0.22964941484854587,0.7785812926517139,-16.238234,-20.21246337890625,-12.982139587402344,35.77230376420723,29.260116040809017,43.72076362381683
ENSDARG00000055162,0.3911564774537221,0.16889375234098652,0.6162595032608712,-13.864813,-17.422624588012695,-11.000750541687012,31.025463550908427,25.297337949378353,38.14108604202972
ENSDARG00000055899,0.2959618202992809,0.13667024022929783,0.49118269528278186,-15.305381,-19.347475051879883,-12.084037780761719,33.90659951816306,27.463912427527767,41.990786969764095
ENSDARG00000056102,0.36054550720584105,0.16268486890903208,0.5746625716076201,-17.25677,-21.436988830566406,-13.600589752197266,37.809375324351656,30.49701637039886,46.16981452713714
ENSDARG00000056414,0.304600300551527,0.1289662680938834,0.47341888046449687,-13.244219,-16.544340133666992,-10.598638534545898,29.784274661643366,24.493113935096126,36.38451713333831
ENSDARG00000056623,0.5543561259468232,0.23042281135005932,0.9158742231686168,-11.565115,-14.685626983642578,-9.298213958740234,26.426068819148398,21.892264783484798,32.667090833289485
ENSDARG00000056695,0.287723495626436,0.12551008474664496,0.4621746889530919,-13.124156,-16.583751678466797,-10.400333404541016,29.54415034042106,24.09650367508636,36.46334022293792
ENSDARG00000057272,0.3298357037929694,0.12897395676468448,0.5283030732290667,-13.844063,-17.498111724853516,-10.952857971191406,30.983962505204538,25.20155280838714,38.29206031571136
ENSDARG00000057513,0.7041618927686434,0.31822758359110126,1.128300174903235,-13.991502,-17.602184295654297,-11.045008659362793,31.278841361625055,25.385854184729915,38.50020545731292
ENSDARG00000057867,0.4175791490105868,0.17205926932001667,0.6711342123127222,-14.073553,-17.666671752929688,-11.02497386932373,31.442942395312645,25.34578460465179,38.629180371863704
ENSDARG00000060510,0.1066459345873304,0.039933327011894545,0.18305034305159085,-8.833344,-11.336793899536133,-7.147027969360352,20.962526480061864,17.589892804725032,25.969424665076595
ENSDARG00000060594,0.4306555690506399,0.1929369267237038,0.6872893135423781,-14.636161,-18.244388580322266,-11.604741096496582,32.56815917907463,26.505319058997493,39.78461402664886
ENSDARG00000061437,0.27894734297495394,0.10842198795612647,0.47388601917862433,-13.352554,-16.993240356445312,-10.361358642578125,30.000945972545008,24.01855415116058,37.282317578894954
ENSDARG00000061789,0.1918806182419144,0.06192540392723352,0.32575237880599284,-8.460318,-11.028422355651855,-6.842238426208496,20.216470856530524,16.98031371842132,25.35268157730804
ENSDARG00000062187,0.44662816579042597,0.1949105325283604,0.7129795881324039,-15.33229,-19.155982971191406,-12.002392768859863,33.96041572008834,27.300622403724056,41.60780280838714
ENSDARG00000062272,0.17292084074323788,0.047350924670268815,0.31256822560266445,-6.284146,-8.499275207519531,-4.938478469848633,15.864129199011183,13.172793805701595,20.29438728104339
ENSDARG00000062363,0.0320183373724272,0.003939502983618664,0.06549639144729144,-3.0349889,-5.455126762390137,-1.3848810195922852,9.365814564449646,6.065598905188899,14.206090390784603
ENSDARG00000062521,0.19683546755294298,0.07124228108297284,0.33927105032871707,-11.221504,-14.480889320373535,-8.630193710327148,25.7388456893991,20.556224286658626,32.2576155067514
ENSDARG00000062695,0.23989836145624033,0.09689718364791912,0.4056077316954328,-13.9886875,-17.666839599609375,-10.74504280090332,31.27321240888343,24.78592246781097,38.62951606522308
ENSDARG00000063249,0.15166495899640073,0.06063656727989257,0.25957424746192154,-10.172897,-13.138601303100586,-8.063457489013672,23.641632458550788,19.422751844031673,29.5730394722055
ENSDARG00000068919,0.23190168605119152,0.0851059498932353,0.3896910244098128,-12.889547,-16.391748428344727,-9.939373970031738,29.074930480105735,23.174584806067806,36.07933372269378
ENSDARG00000069328,0.5211151057923198,0.2033319755005905,0.8864698324159123,-9.716635,-12.55862045288086,-7.818146705627441,22.729106037719106,18.932130277259212,28.413077771766048
ENSDARG00000070028,0.5306471084013026,0.18968287546778703,0.9052601410449496,-8.760254,-11.318777084350586,-7.055267333984375,20.81634677980647,17.40637153397308,25.9333910347055
ENSDARG00000070399,0.07611099021035213,0.025417344103602982,0.12986513881926826,-9.166356,-11.891752243041992,-7.329855918884277,21.628549021704053,17.955548703772884,27.079341352088313
ENSDARG00000070432,0.6468738460298276,0.26408645581379164,1.0572564458862803,-11.420899,-14.514113426208496,-9.200666427612305,26.13763548837409,21.69716972122894,32.32406371842132
ENSDARG00000070604,0.2263499756155105,0.09067161687152686,0.37187418839485303,-10.4201565,-13.416295051574707,-8.372014045715332,24.13614900289283,20.039864957434993,30.128426969153743
ENSDARG00000071562,1.729317607490287,0.598185431190254,3.988144769441664,-6.6114536e+19,-2.6445816070300867e+20,-9.536402702331543,1.3222908035150433e+20,21.121613919837337,5.2891632140601734e+20
ENSDARG00000071868,0.3337822068810741,0.14606208274293436,0.544480214448667,-13.358678,-16.86295509338379,-10.544618606567383,30.013191289527278,24.385074079139095,37.02174705277191
ENSDARG00000074909,0.18518650654107782,0.07335990368799004,0.3002116094357526,-10.517083,-13.466873168945312,-8.453794479370117,24.330003257853843,20.203425824744563,30.229583203894954
ENSDARG00000074915,0.2154216652709693,0.08000705638316527,0.3748499912019869,-12.2614565,-15.936755180358887,-9.349661827087402,27.818748297555302,21.995160520179134,35.1693472267221
ENSDARG00000075314,0.3705777028462476,0.1477042368267935,0.601303264626924,-14.130713,-17.89847755432129,-11.12267780303955,31.557264521939615,25.54119247208343,39.09279197464691
ENSDARG00000076290,0.6374850109463643,0.23579216605907666,1.0851605827364874,-9.279828,-11.90731430053711,-7.496269702911377,21.855491732580518,18.288376271827083,27.110465467078548
ENSDARG00000076334,0.18638031361741514,0.06960516739093589,0.32035933129709643,-9.163476,-11.7859468460083,-7.390512466430664,21.62278908692107,18.076861798865657,26.86773055802093
ENSDARG00000079015,0.16995464709538366,0.07262217796195677,0.29293543571615555,-12.720859,-16.292076110839844,-9.94866943359375,28.737553855521536,23.19317573319183,35.87998908768402
ENSDARG00000086471,0.24910122353743205,0.08309040016552662,0.43147513943409216,-8.041631,-10.561351776123047,-6.472772598266602,19.37909876845584,16.241382062537532,24.418540418250423
ENSDARG00000092123,0.15365444568047712,0.03683469673612326,0.2833883315993016,-5.2741303,-7.40138053894043,-3.9844679832458496,13.844097356421804,11.264772832496028,18.09859794388519
ENSDARG00000093182,0.21629027199012435,0.09485442301808562,0.3561155584551129,-11.691107,-14.864269256591797,-9.38310718536377,26.678050233466482,22.062051236731868,33.02437537918792
ENSDARG00000094992,0.29574703545497666,0.12156497609644921,0.4912740613140552,-13.584037,-17.121944427490234,-10.628143310546875,30.46391224156127,24.55212348709808,37.5397257209848
ENSDARG00000098075,0.2468272246841954,0.09811521294775381,0.4070782235607973,-10.297011,-13.133578300476074,-8.327168464660645,23.88985994492278,19.950173795325618,29.562993466956478
ENSDARG00000098317,0.26346595430692016,0.10748047269589533,0.45242104796280197,-12.400781,-15.842238426208496,-9.644845008850098,28.097397281749103,22.585526883704524,34.98031371842132
ENSDARG00000098689,0.48675154224718675,0.17398929601234658,0.803091431464659,-10.018057,-12.780057907104492,-8.080456733703613,23.331950673205707,19.456750333411556,28.855952680213313
ENSDARG00000098771,0.2798343340441912,0.09331704361991817,0.4900882566604676,-7.7071495,-10.184898376464844,-6.174008369445801,18.71013506530032,15.64385360489593,23.665633618934017
ENSDARG00000098820,0.30244009158679885,0.12293601039030748,0.5050556070718732,-11.907054,-15.049177169799805,-9.37076187133789,27.109944079263066,22.03736060868011,33.39419120560394
ENSDARG00000099177,0.22691295046742246,0.0706459484881638,0.4014838475638771,-6.9355206,-9.26997184753418,-5.517299175262451,17.166877099974013,14.330435216529231,21.83578056107269
ENSDARG00000100519,0.06587388934719815,0.010044279436862997,0.1414011620162688,-2.3371754,-4.823576927185059,-0.34103256464004517,7.970187462253429,3.9779019952844195,12.942990720374446
ENSDARG00000101251,0.27911760864222773,0.11927024456991812,0.45528984835275255,-12.169771,-15.465360641479492,-9.670351028442383,27.635379875047065,22.636538922889095,34.22655814896331
ENSDARG00000101542,0.03719978521198738,0.010936854925807938,0.07059217750555823,-5.2678037,-7.460487365722656,-3.9652769565582275,13.83144491599307,11.226390779120784,18.21681159744964
ENSDARG00000101557,0.15762293876040168,0.058763452562068594,0.27528465931761703,-12.001621,-15.599149703979492,-9.115106582641602,27.299080717189167,21.526050031287532,34.49413627396331
ENSDARG00000102874,0.10688645025587562,0.03131690832233346,0.18954112181469548,-6.715086,-9.022419929504395,-5.3514723777771,16.72600894878612,13.998781621558528,21.340676725013118
ENSDARG00000103173,0.08418908570447815,0.024620756647419733,0.15605476081424374,-5.66805,-7.811116695404053,-4.374518871307373,14.631937275869703,12.044874608619075,18.918070256812435
ENSDARG00000103207,0.3662808301079201,0.1546812716016254,0.5745061872048771,-16.706856,-20.998136520385742,-13.353792190551758,36.709546657664646,30.003421247107845,45.29210990677581
ENSDARG00000103902,0.260598443883781,0.11042287720350431,0.5248326067769125,-13094.475,-85229.5234375,-7.612710475921631,26192.244536964277,18.52125781784759,170462.34271186602
ENSDARG00000105045,0.2187241733114285,0.09840864372246476,0.366010410684568,-14.905314,-18.9068603515625,-11.596860885620117,33.10646737418876,26.489558637244563,41.10955756912933
ENSDARG00000105185,0.04309360994359645,0.009251147012457132,0.10069074835881513,-4260114.5,-17042108.0,-0.8726534843444824,8520232.704389974,5.041143834693294,34084219.295836866
ENSDARG00000105276,0.06773132894399071,0.019626712411109172,0.12815667130186875,-6.4270205,-8.846266746520996,-4.899179458618164,16.1498786679338,13.094195783240657,20.98837035904632
