gene_id,P_time0,P_time1,P_time2,P_time3,P_time4,P_time5,P_time6,increase,y0,True_diff_t6,True_bias_diff_t6,True_obs_diff_t6
ENSDARG00000043213,11.479185104370117,28.344985961914062,54.464778900146484,70.42186737060547,59.38636779785156,49.90176010131836,44.804046630859375,0.3440769608802934,7.2966657999999995,0.0,0.11297367399884396,0.7167144656509163
ENSDARG00000010862,10.19511604309082,17.911136627197266,29.50196075439453,38.784366607666016,31.79731559753418,24.086841583251953,18.950603485107422,0.29262512776351474,14.54382,0.01588163836825137,0.41420806577372415,0.9432272846739062
ENSDARG00000074915,7.335052013397217,11.292859077453613,17.005950927734375,24.19316864013672,30.613300323486328,36.71002960205078,42.751468658447266,0.17636684647932543,10.83236,1.0497423845227473e-05,0.12312849703342245,0.723624421124815
ENSDARG00000103207,10.456184387207031,18.291959762573242,30.029197692871094,43.4512825012207,52.07936096191406,57.96113586425781,62.46232986450195,0.30326508590214096,12.160062,5.708557584503778e-07,0.06325576545287509,0.9675859165530664
ENSDARG00000005993,7.218697547912598,11.622564315795898,18.238672256469727,22.37123680114746,17.60316276550293,13.584060668945312,11.063026428222656,0.17178197439932744,7.568675999999999,0.3287280241492789,0.37395867648032804,0.582465578190504
ENSDARG00000008573,10.987115859985352,18.003816604614258,28.03518295288086,37.11042404174805,34.39442443847656,29.385072708129883,25.493141174316406,0.32457528282565146,14.552409599999999,0.0,0.2789019051301915,0.9629513031768449
ENSDARG00000076290,8.769230842590332,15.31105899810791,25.346141815185547,35.85357666015625,36.6972770690918,34.630592346191406,32.85212326049805,0.23436247747404929,17.06014,0.0,0.19031884966344753,0.8218664030873527
ENSDARG00000030267,4.681370258331299,8.732306480407715,15.701579093933105,25.45013427734375,33.28723907470703,39.6057243347168,45.11410140991211,0.08023662099302278,3.5674662000000006,2.1022366596780882e-05,0.11007703616694346,0.7372343909846486
ENSDARG00000039892,5.596248149871826,10.115361213684082,17.627134323120117,27.836183547973633,36.36460876464844,43.639503479003906,50.129302978515625,0.11083256151259503,3.9066064000000003,1.0497705980683789e-05,0.09316029313029442,0.8730418625390514
ENSDARG00000071562,15.470422744750977,22.07682991027832,24.456575393676758,22.880544662475586,23.53291130065918,23.393640518188477,23.42780876159668,0.4879168918364531,48.881299999999996,0.2500190759270634,0.15866027289313048,0.744892235058919
ENSDARG00000009266,14.351561546325684,19.443126678466797,25.799333572387695,32.053611755371094,34.24597930908203,35.03197479248047,35.72207260131836,0.4505062734604236,25.883000000000003,1.0954173579967325e-05,0.1685595699909286,0.9340041409824712
ENSDARG00000105276,8.428916931152344,12.996475219726562,19.508935928344727,27.653066635131836,35.15995407104492,42.23006820678711,48.966941833496094,0.22043138817976782,8.361906000000001,0.0,0.09505325253864351,0.8772416170076697
ENSDARG00000036155,8.414074897766113,14.721555709838867,24.326574325561523,24.789684295654297,12.02153205871582,6.214045524597168,3.734750747680664,0.21985916008125703,9.376957999999998,0.832158845102423,0.11221244705013678,0.1106246086516347
ENSDARG00000069328,7.429944038391113,15.710358619689941,30.12590980529785,43.16062927246094,35.85961151123047,27.320783615112305,21.76280403137207,0.1801779930882269,5.309586,3.728129037795138e-05,0.35042406496937983,0.8973956065350737
ENSDARG00000052025,12.638725280761719,26.870956420898438,48.13406753540039,62.337677001953125,51.45290756225586,41.19264602661133,35.06795883178711,0.3886911548075527,33.895680000000006,0.0,0.17126612149489784,0.63488298043798
ENSDARG00000022845,6.417033672332764,13.267254829406738,25.408843994140625,39.68714141845703,42.87674331665039,42.080474853515625,41.25815200805664,0.1408264352377042,4.0469856,0.0,0.129238221340274,0.9159023260872625
ENSDARG00000025788,17.711889266967773,29.728261947631836,45.28973388671875,55.26496124267578,45.12954330444336,34.96358108520508,28.311548233032227,0.5553185997836663,26.378000000000004,0.0,0.24045127755725273,0.9531708127947907
ENSDARG00000098689,6.527109146118164,13.989741325378418,27.40385627746582,39.702720642089844,31.787317276000977,23.06358528137207,17.505800247192383,0.14498155459563958,5.573551999999999,0.002304187937741376,0.45402510442479704,0.9609844570125899
ENSDARG00000010437,5.613553047180176,12.323212623596191,24.87140655517578,38.133541107177734,34.142784118652344,27.596216201782227,23.054805755615234,0.11146493302428984,35.873720000000006,9.482445291268953e-07,0.32267838469214866,0.9829670669062313
ENSDARG00000061437,9.932304382324219,15.547832489013672,23.518827438354492,33.002593994140625,40.38279342651367,46.52946090698242,52.03092956542969,0.2819734718970233,9.251262,0.0,0.08671925609799766,0.9646066522283717
ENSDARG00000079015,3.442887783050537,7.3552446365356445,15.038171768188477,27.53876304626465,41.310794830322266,54.235694885253906,64.77210235595703,0.045051109782932,1.614566,4.781090987462467e-05,0.05702586160102194,0.7397404461799373
ENSDARG00000010300,17.842397689819336,22.154356002807617,27.15643310546875,31.904935836791992,33.78840255737305,34.639400482177734,35.36924362182617,0.5589085295502783,15.1594312,0.0,0.16808039344753828,0.8277291844122691
ENSDARG00000025421,5.516735553741455,12.053818702697754,24.34507179260254,40.71810531616211,50.41523361206055,55.78352737426758,59.360633850097656,0.10805861297513594,7.567738,0.0,0.06749645539572381,0.7187909405782158
ENSDARG00000025420,4.859703540802002,8.57263469696045,15.063469886779785,23.558788299560547,28.03399658203125,30.629493713378906,32.91242218017578,0.08593888652062709,3.1610660000000004,0.2232721345783194,0.12181511833908973,0.7348993638332477
ENSDARG00000024693,6.910139083862305,14.630465507507324,28.303600311279297,42.82538604736328,41.97039794921875,37.74517822265625,34.679664611816406,0.15970721020882847,32.83494,0.0,0.1752840108798482,0.8114426946829981
ENSDARG00000098075,10.58881664276123,20.73463249206543,36.547664642333984,50.802181243896484,47.77656173706055,42.053707122802734,38.085670471191406,0.3086054730492573,33.90536,0.0,0.1489297847556519,0.6459862105127568
ENSDARG00000101542,5.2824625968933105,10.22622299194336,18.864849090576172,31.19108772277832,42.392127990722656,51.73758316040039,59.25542449951172,0.09997391761946017,1.6987881999999999,0.0,0.06681567412545811,0.23421166783335856
ENSDARG00000006240,22.312572479248047,37.623714447021484,55.6708869934082,64.72700500488281,51.465667724609375,39.908531188964844,32.771484375,0.6646335085027063,49.3048,3.0852345405581846e-07,0.19516643503411343,0.7891391895664773
ENSDARG00000054501,6.8329267501831055,13.863934516906738,26.038476943969727,37.908329010009766,32.92955780029297,25.911806106567383,21.063329696655273,0.1567316950608235,5.726484,9.710571711475735e-06,0.36357294116824024,0.9266627639173115
ENSDARG00000035607,5.101935863494873,10.162728309631348,19.24072265625,30.557641983032227,33.89651870727539,34.171504974365234,34.31492614746094,0.09390037725902128,2.269908,5.444620320585557e-06,0.18065443664933611,0.9083464587233995
ENSDARG00000063249,6.201836585998535,10.987651824951172,18.73188018798828,29.097002029418945,37.89260482788086,45.34159469604492,51.846004486083984,0.13275173476257057,4.10171,6.173736984604861e-07,0.0859083711951365,0.5770813178716541
ENSDARG00000062363,5.285232067108154,9.10679817199707,15.236318588256836,23.463058471679688,30.26124382019043,36.09148406982422,41.4906120300293,0.10007333092558186,10.750958,2.3153307137425956e-05,0.1274566113175937,0.9752150309238145
ENSDARG00000007065,2.973161458969116,7.3775811195373535,17.143192291259766,32.36825180053711,41.26858901977539,45.65562438964844,48.516014099121094,0.033990909577373066,2.5281480000000003,4.924406260233532e-06,0.09706424244985624,0.30578217931065044
ENSDARG00000070432,10.247499465942383,17.28629493713379,27.652332305908203,38.4383544921875,40.6638298034668,40.0587272644043,39.45844268798828,0.29477491815192897,6.793272399999999,0.0,0.14111811954840892,0.38028008599083596
ENSDARG00000055899,4.029265880584717,8.740071296691895,17.971256256103516,32.083404541015625,45.06550216674805,55.721214294433594,63.876258850097656,0.06069583708382868,2.66549,5.299492108839058e-06,0.05957732982965658,0.7981949143340261
ENSDARG00000061789,2.4621188640594482,9.438114166259766,29.99534034729004,55.56551742553711,51.299461364746094,44.222110748291016,40.422401428222656,0.02356069014101914,0.3812638,0.0,0.13369250686291254,0.7793654033277921
ENSDARG00000060510,3.584089517593384,8.991951942443848,20.778982162475586,38.38261795043945,48.34954071044922,52.91582107543945,55.59663391113281,0.048649493610251594,11.015748,6.739503173261372e-08,0.0753468380746578,0.6828934109750285
ENSDARG00000043732,11.583175659179688,17.433124542236328,25.394041061401367,34.856971740722656,43.363067626953125,51.111236572265625,58.16976547241211,0.3480954703855724,17.381449800000002,0.0,0.06952000503578833,0.5910837574060311
ENSDARG00000004280,14.584263801574707,22.779590606689453,33.73955154418945,45.15777587890625,50.92388153076172,54.01473617553711,56.2843132019043,0.4584620060296385,31.26214,0.0,0.07362075044137127,0.26936176887127217
ENSDARG00000074909,2.400341033935547,9.108419418334961,28.855945587158203,49.21916580200195,33.426841735839844,21.22236442565918,14.877463340759277,0.022417351523246896,0.42843020000000004,0.010812023615420607,0.5283521257295041,0.7750389043293473
ENSDARG00000042946,7.151278018951416,13.614028930664062,24.338123321533203,35.15058517456055,32.34764099121094,27.022811889648438,23.072715759277344,0.1691125112980849,2.6190688,2.2785640637069268e-06,0.32308117039613204,0.970460551222582
ENSDARG00000044513,7.496960639953613,15.325007438659668,28.710237503051758,41.527469635009766,36.54457092285156,29.374101638793945,24.433914184570312,0.18284583057886303,8.707038,0.0,0.2969016915840852,0.9388401683032365
ENSDARG00000034883,20.922258377075195,31.762847900390625,44.82452392578125,55.192108154296875,55.712162017822266,54.852901458740234,54.80141830444336,0.6353949963246862,21.499586,1.1272740922991735e-07,0.0838118705794651,0.9184826667138618
ENSDARG00000060594,4.899685859680176,11.044110298156738,23.063949584960938,39.261478424072266,48.3858642578125,53.457122802734375,57.00645065307617,0.0872228211172382,10.664054,6.240639430893625e-08,0.07396480556403065,0.8816852895429356
ENSDARG00000100519,8.082262992858887,11.556347846984863,16.24689483642578,21.414535522460938,23.99950408935547,25.48387908935547,26.797466278076172,0.2063826789987413,21.88201,1.8710532021744228e-05,0.2593105288541874,0.9221450244353607
ENSDARG00000018623,18.001689910888672,24.937063217163086,33.43295669555664,41.481929779052734,43.97612762451172,44.51518249511719,44.86516571044922,0.5633491086445738,28.349619999999998,0.0,0.11183898268530029,0.7088500008968047
ENSDARG00000038876,3.767055034637451,10.709343910217285,26.80952262878418,46.78062057495117,46.222557067871094,41.339717864990234,38.14586639404297,0.05345684465348543,1.9177951999999998,0.0,0.14735140163244395,0.9192193640922515
ENSDARG00000006010,6.955898761749268,13.755651473999023,25.34832000732422,37.76329040527344,37.06149673461914,33.16990280151367,30.176546096801758,0.16147001750055184,33.575478,0.0,0.21785389929087123,0.9868360602902932
ENSDARG00000002298,6.156559467315674,11.669960975646973,20.985849380493164,31.933914184570312,34.26373291015625,33.40971374511719,32.518409729003906,0.13111561034227723,9.590883999999999,0.0,0.19277783375272825,0.9838420287024248
ENSDARG00000023152,8.078311920166016,13.01449966430664,20.315465927124023,29.429397583007812,37.01338195800781,43.65941619873047,49.776554107666016,0.20621627038419613,9.013276,4.3637164656026123e-07,0.09462289859815633,0.846990593471794
ENSDARG00000003250,9.25329303741455,26.315279006958008,55.226341247558594,62.13031768798828,29.567623138427734,13.6099214553833,6.939943790435791,0.25419341941668333,8.570426000000001,0.6563920697529395,0.27817246312012894,0.3395825476002176
ENSDARG00000043021,11.111536979675293,19.465927124023438,31.829898834228516,45.10063552856445,51.4911003112793,55.012699127197266,57.718345642089844,0.32951118775971316,10.1365862,6.199807136399601e-08,0.07334588835610502,0.9571213019515629
ENSDARG00000010169,8.687456130981445,14.85033893585205,24.238365173339844,35.80574035644531,44.63785171508789,51.57830047607422,57.359310150146484,0.23100678873032124,11.236720000000002,0.0,0.07251854911302943,0.9445003421347503
ENSDARG00000040266,6.358372211456299,14.266990661621094,28.904151916503906,44.09748458862305,40.888160705566406,34.72971725463867,30.50330352783203,0.13861202280186558,84.73607999999999,0.0,0.213766671508936,0.9252400488859536
ENSDARG00000008979,3.07812237739563,9.125404357910156,24.036088943481445,42.59674835205078,38.61098861694336,31.5841121673584,27.129919052124023,0.03634305059188159,2.7647256,1.0029787465794664e-06,0.2569221847411696,0.9609585569403586
ENSDARG00000043734,9.731705665588379,17.728639602661133,30.082855224609375,42.8808479309082,45.04194641113281,44.017826080322266,43.16995620727539,0.2737660428099788,8.013592,0.0,0.12176406692477476,0.8550134103571362
ENSDARG00000016866,10.169357299804688,18.790428161621094,32.031944274902344,42.59842300415039,34.55009841918945,25.839794158935547,20.128814697265625,0.2916060151883267,24.436934,0.002692169249533584,0.3909537177753085,0.9833597159682333
ENSDARG00000027689,7.80072021484375,16.453489303588867,31.380332946777344,47.318668365478516,48.56909942626953,45.806861877441406,43.69852066040039,0.19497636450093897,19.73068,0.0,0.11624190398954566,0.7903391775775854
ENSDARG00000009250,3.4809083938598633,8.634267807006836,19.825700759887695,37.023780822753906,48.316558837890625,54.40568542480469,58.11983871459961,0.04601579743642407,1.2725724,6.896846623786673e-08,0.069313250376352,0.2707377397031834
ENSDARG00000105045,4.837182521820068,10.184516906738281,20.211524963378906,35.17938995361328,49.6947135925293,61.674400329589844,70.4642562866211,0.08519599578945601,2.437788,7.999532827282887e-07,0.048934298464957025,0.5266987560723746
ENSDARG00000039913,8.12104320526123,19.332435607910156,39.30155944824219,57.20972442626953,52.21201705932617,45.049903869628906,40.63622283935547,0.2079217531460475,30.03122,0.0,0.13208208660830856,0.6204849954730174
ENSDARG00000086471,9.070355415344238,13.871037483215332,20.604280471801758,26.478723526000977,23.406770706176758,18.841520309448242,15.325578689575195,0.24670532455203353,18.26885,0.004883698337543963,0.5161467451739432,0.9823158553017239
ENSDARG00000004851,14.69575309753418,24.30012321472168,37.32194137573242,45.86893081665039,36.04197311401367,26.58123016357422,20.487834930419922,0.4622984311181322,48.9200666,0.012309931468328978,0.38310659123433727,0.9394038603423641
ENSDARG00000056695,3.039720296859741,7.3074631690979,16.574983596801758,31.27342987060547,42.07991409301758,49.30049133300781,54.544002532958984,0.03548196580115579,11.101318599999999,2.8686106089416348e-05,0.07936335915689423,0.8641821194995523
ENSDARG00000018397,5.953207969665527,11.331853866577148,20.478214263916016,31.159692764282227,32.851139068603516,31.399295806884766,30.043493270874023,0.12364532097230128,3.9283119999999996,6.003837052260099e-08,0.21842274982039533,0.9711100926268007
ENSDARG00000057513,15.006113052368164,22.906835556030273,33.3122444152832,42.56784439086914,42.2978401184082,39.888397216796875,38.035640716552734,0.47264571858229104,57.240412000000006,2.1040163972171295e-05,0.1551575394876317,0.9139186344122213
ENSDARG00000006915,10.221723556518555,16.359516143798828,25.152488708496094,34.82271194458008,39.20586395263672,41.39213180541992,43.186561584472656,0.29374694596005296,19.259458000000002,0.0,0.12106937871452665,0.9308823769526047
ENSDARG00000054799,10.377324104309082,20.0914249420166,35.19029235839844,50.11675262451172,53.90718460083008,54.61605453491211,55.239830017089844,0.30003791506982547,22.963482000000003,1.116443346431274e-05,0.08086189825074261,0.924394534993551
ENSDARG00000018918,4.223013401031494,8.390048027038574,16.014806747436523,27.485506057739258,38.8238525390625,49.23493957519531,58.20608139038086,0.06628775907503925,2.442464,3.934872475960518e-05,0.07131318883269228,0.8318940456379064
ENSDARG00000053876,4.847675800323486,11.914729118347168,26.327529907226562,38.64255905151367,25.41958999633789,14.846197128295898,9.22697639465332,0.0855440792057001,1.6049419999999999,0.36413996398093434,0.44680340072383773,0.6066820292010111
ENSDARG00000070399,4.138532638549805,9.802604675292969,21.47591781616211,39.47391891479492,55.068397521972656,65.75127410888672,72.34941864013672,0.06381652156463918,2.238898,0.0,0.04587620038155592,-4.0050197057456335e-05
ENSDARG00000035181,6.295619964599609,13.058178901672363,25.094377517700195,37.41938781738281,33.741119384765625,27.647449493408203,23.363386154174805,0.13624859616145535,2.981994,2.5621625069871216e-05,0.320478570083374,0.9040432848425007
ENSDARG00000098317,13.08838176727295,19.532987594604492,28.121450424194336,37.70218276977539,44.59828567504883,50.01435470581055,54.72007369995117,0.40548281085328647,29.59853,0.0,0.0784191566900078,0.9483833818080383
ENSDARG00000034541,3.683464765548706,9.982796669006348,24.249866485595703,38.89936828613281,28.51959800720215,18.63484764099121,12.949295997619629,0.05123292449082988,2.6029,0.051877055667438575,0.5653605529920703,0.9304655632261175
ENSDARG00000033437,6.4774932861328125,12.430490493774414,22.5598087310791,34.49873352050781,38.1030158996582,38.70430374145508,39.169456481933594,0.1431182198727616,6.1311708,2.671223417654062e-06,0.14621919117702054,0.9549303859985134
ENSDARG00000033604,4.253911972045898,11.187478065490723,26.29052734375,45.24151611328125,48.13557052612305,46.32020950317383,45.01117706298828,0.06719278017996182,6.043406,0.0,0.11242444331621047,0.9240758119452832
ENSDARG00000057867,9.108701705932617,14.993491172790527,23.71082305908203,33.72797775268555,39.197696685791016,42.655704498291016,45.627891540527344,0.24824418828905928,32.205220000000004,0.00010208752523373103,0.11141918361029475,0.8163346974422134
ENSDARG00000026348,7.617121696472168,15.459356307983398,28.85433578491211,45.99153137207031,59.0191764831543,67.84247589111328,73.6432876586914,0.18760475582961236,3.1762986000000004,0.0,0.04477761927926714,-2.9434427693946576e-05
ENSDARG00000001313,9.699993133544922,15.7932767868042,24.679828643798828,35.44746017456055,44.11437225341797,51.289222717285156,57.44884490966797,0.27247554797004647,28.847862,0.0,0.07260508178933013,0.32469996201837864
ENSDARG00000017037,5.185117244720459,8.923373222351074,14.928394317626953,23.531063079833984,33.24803161621094,43.541439056396484,53.62407684326172,0.09668168064419444,9.195699000000001,8.69614257887317e-05,0.0803659929663875,0.6640214753713035
ENSDARG00000015474,4.9125165939331055,9.112852096557617,16.281774520874023,25.785411834716797,31.476818084716797,35.006324768066406,37.932064056396484,0.08764077380958804,12.583405599999999,1.3498132421780715e-05,0.14945880115920243,0.8324355965976352
ENSDARG00000101557,10.387734413146973,17.068187713623047,26.763078689575195,38.67339324951172,49.34324645996094,58.48884201049805,66.0482406616211,0.3004592916534347,21.715391599999997,0.0,0.05488324881455379,0.6010238498741269
ENSDARG00000031761,4.939117908477783,9.91042709350586,18.851364135742188,29.506914138793945,30.11948585510254,27.555639266967773,25.3737850189209,0.0885189196223977,17.140122,7.88058145136511e-08,0.28087180446183213,0.9398997954467849
ENSDARG00000011466,5.744983673095703,10.164602279663086,17.36664581298828,27.488555908203125,37.952239990234375,48.14122009277344,57.44413757324219,0.11611693476493022,3.4177839999999997,2.980800341003559e-06,0.07149919854422612,0.7437877762963218
ENSDARG00000062521,8.301739692687988,13.229772567749023,20.434507369995117,29.42247772216797,37.10567092895508,43.92405319213867,50.20584487915039,0.21530042898481866,1.9430924,0.0,0.09143206607287203,0.9461575330599706
ENSDARG00000015088,11.989653587341309,21.62151527404785,35.77220153808594,47.96118927001953,43.81215286254883,37.34013748168945,32.72809600830078,0.36392568055489816,72.26858,0.0,0.19009343137480889,0.8249324866237927
ENSDARG00000015471,15.023004531860352,22.206491470336914,31.510313034057617,39.730735778808594,38.695865631103516,35.36876678466797,32.57352828979492,0.47319922295536226,20.58816,0.0,0.19167194112850133,0.8811151150200337
ENSDARG00000018738,5.671876430511475,9.982307434082031,16.985864639282227,26.39903450012207,34.205055236816406,40.86017608642578,46.88657760620117,0.11351981393813014,12.65142,4.244707671090474e-06,0.10359745534904059,0.9484330910328937
ENSDARG00000056623,9.846843719482422,17.37067985534668,28.783802032470703,40.83025360107422,43.54603958129883,43.11897277832031,42.64939498901367,0.2784841648699805,33.89565,0.0,0.12301567848296187,0.8634277818751166
ENSDARG00000020529,8.793963432312012,22.46096420288086,46.272552490234375,62.697364807128906,50.622066497802734,40.13500213623047,34.25819778442383,0.23538682398595434,7.191509999999999,2.9468487136568334e-05,0.1852767446811566,0.7218146954500531
ENSDARG00000098820,6.808608055114746,11.398161888122559,18.478240966796875,27.4008846282959,33.848209381103516,38.919960021972656,43.50582504272461,0.15578538300365388,5.661137999999999,2.834180298374104e-06,0.11920200642559202,0.8102829676817305
ENSDARG00000020494,6.295842170715332,11.591796875,20.367643356323242,32.07797622680664,41.34780502319336,48.529747009277344,54.37097930908203,0.13626145532901707,10.3539376,3.011868266905742e-07,0.07865801256952393,0.31899616264080466
ENSDARG00000068919,7.796618461608887,12.346684455871582,19.01791000366211,27.425310134887695,34.81549835205078,41.602500915527344,48.04508972167969,0.19479647262597874,5.02938,2.142503524233599e-06,0.10004094379662325,0.8310166029976592
ENSDARG00000101251,3.6932578086853027,7.58340311050415,14.955421447753906,25.878082275390625,34.29207992553711,40.7399787902832,46.211692810058594,0.051495094056121966,2.31951,0.00010082326004470791,0.10706393614617461,0.8141131819069084
ENSDARG00000002021,5.898501396179199,17.13262367248535,40.42806625366211,62.413909912109375,58.98847198486328,53.08985137939453,49.83976745605469,0.12165249910567981,0.784881,0.0,0.09298983238838697,0.20330931840456756
ENSDARG00000092123,11.102145195007324,16.72980308532715,24.3945369720459,31.797334671020508,31.889577865600586,29.806297302246094,27.9285945892334,0.32917501203085897,9.096128,0.0,0.24416174858741602,0.9588922962966623
ENSDARG00000098771,4.698817729949951,10.582236289978027,22.054460525512695,33.53902053833008,26.01761245727539,17.770532608032227,12.631599426269531,0.08077347979104525,2.6613860000000003,0.035714066574272826,0.5887866442732899,0.9613152499071451
ENSDARG00000014474,10.495223999023438,17.44747543334961,27.573413848876953,38.039337158203125,40.24589538574219,39.766597747802734,39.301143646240234,0.3048355902980526,40.535848,1.1474019034479656e-07,0.14304630845238203,0.9427453961024593
ENSDARG00000102874,3.113279342651367,9.011994361877441,23.324451446533203,41.7903938293457,39.718814849853516,33.81088638305664,29.917373657226562,0.0371473220229399,3.33699,0.0,0.2197893867858426,0.9525466343994788
ENSDARG00000030106,12.978556632995605,19.889995574951172,29.222923278808594,37.95656967163086,37.97093200683594,35.66963577270508,33.74225616455078,0.40140067939546376,20.81342,2.9428053999301966e-06,0.18514071612580846,0.7625862484530554
ENSDARG00000035556,17.634735107421875,24.637758255004883,33.258846282958984,40.291526794433594,38.1163215637207,34.01537322998047,30.6580753326416,0.5531548753215408,48.138999999999996,0.0,0.21272255997727552,0.6454417074230275
ENSDARG00000062695,11.919323921203613,17.97691535949707,26.20557975769043,35.670066833496094,43.071964263916016,49.25910186767578,54.7578239440918,0.36120462233776596,10.359298,0.0,0.07927505028203558,0.9024345418192395
ENSDARG00000062187,10.554109573364258,19.564346313476562,33.359397888183594,48.073265075683594,54.43820571899414,57.43975067138672,59.60688018798828,0.30716259911113397,18.094292000000003,0.0,0.06854443420826146,0.7851783785642672
ENSDARG00000039429,9.647659301757812,25.15459442138672,51.29469680786133,73.84014129638672,78.81295013427734,78.92818450927734,78.79960632324219,0.2703083976060092,26.229301999999997,0.0,0.039185257352282156,0.14731582141444458
ENSDARG00000010316,6.253906726837158,12.743185043334961,24.20110511779785,38.929935455322266,46.99260711669922,51.03216552734375,53.69741439819336,0.13471208636916848,4.1064419999999995,0.0,0.08022509146108167,0.49674852949301185
ENSDARG00000006257,6.539979934692383,11.506345748901367,19.419536590576172,27.61948585510254,26.132173538208008,22.319772720336914,19.254531860351562,0.14548669154376825,30.8241044,2.4198101212447302e-05,0.404467187914329,0.9654039112922765
ENSDARG00000002912,12.508325576782227,17.72026824951172,24.499267578125,32.03203201293945,37.4996337890625,42.00743865966797,46.20576858520508,0.38380725953800443,56.150151400000006,0.0,0.10711277887619014,0.8859782903664665
ENSDARG00000018788,8.442421913146973,15.040562629699707,25.346628189086914,37.01249694824219,41.129398345947266,42.14789962768555,42.76715087890625,0.22103334507227118,7.493972000000001,0.0,0.12184531646350066,0.9873498963856305
ENSDARG00000009640,2.765624761581421,6.477044582366943,14.440225601196289,28.578779220581055,45.84221649169922,62.010093688964844,73.9238510131836,0.029545982369893205,4.183002,5.59725878834338e-05,0.04418628689102108,-0.0006949512334002806
ENSDARG00000019791,9.489618301391602,18.394550323486328,32.58488464355469,45.731754302978516,42.873023986816406,37.55131149291992,33.84126281738281,0.2638867432016473,7.3288644000000005,7.438406491400501e-05,0.19022917572428308,0.5108839608747786
ENSDARG00000036073,7.205974102020264,15.907207489013672,31.4925479888916,47.66066360473633,47.42587661743164,43.789859771728516,41.30361557006836,0.17126519088225375,27.546219999999998,2.8461483217069753e-07,0.13194440030279223,0.8666220279394997
ENSDARG00000025693,7.147383689880371,12.068228721618652,19.66887664794922,29.684167861938477,39.02748107910156,47.606101989746094,55.35545349121094,0.1689634516816446,8.7966374,0.0,0.07666060149601356,0.45949996022793593
ENSDARG00000105185,5.836198806762695,10.264983177185059,17.410396575927734,26.172325134277344,30.017404556274414,31.535608291625977,32.64674758911133,0.11940481927152345,4.3377468,6.300692351579054e-07,0.19080256760643588,0.8422026130184623
ENSDARG00000056414,26.968751907348633,43.89002990722656,62.15153121948242,71.53461456298828,61.848941802978516,52.745540618896484,47.109153747558594,0.7432677389149068,160.36180000000002,0.0,0.1035992333479497,0.7296846396175227
ENSDARG00000103902,21.092609405517578,28.26751136779785,36.75315475463867,45.178104400634766,50.44398498535156,54.315731048583984,57.72591781616211,0.6390902854877635,64.2292,0.0,0.07056831536706223,0.8542467993634429
ENSDARG00000032340,3.595153331756592,12.569452285766602,35.47824478149414,54.10641098022461,35.04491424560547,21.744293212890625,14.973600387573242,0.04892213512333379,1.3646448,0.010796321545170951,0.5257004670760677,0.9498371243145569
ENSDARG00000030964,7.105190277099609,12.442591667175293,20.888757705688477,31.188465118408203,36.81711959838867,40.0960578918457,42.760433197021484,0.16730293487677045,13.063060000000002,5.862574225075168e-07,0.12230083814169566,0.7143295164057549
ENSDARG00000013079,9.765470504760742,15.68856430053711,24.245054244995117,34.631988525390625,43.18309783935547,50.39175796508789,56.662315368652344,0.275138522703435,19.33301,0.0,0.07359220973574578,0.8470050063956217
ENSDARG00000003017,11.07753849029541,19.015718460083008,30.653841018676758,42.09516906738281,42.890220642089844,40.81896209716797,39.15781021118164,0.32813051098598306,111.4164,0.0,0.1437187558396362,0.775760826287839
ENSDARG00000043177,5.920797824859619,11.679215431213379,21.744138717651367,32.703556060791016,31.561168670654297,27.753822326660156,24.902856826782227,0.12244750811458391,19.971359999999997,0.0004221807182310881,0.29737544841862157,0.9533108498451044
ENSDARG00000075314,13.200844764709473,20.509042739868164,30.443824768066406,41.18357849121094,47.6301155090332,52.013832092285156,55.63349151611328,0.409533159530378,64.78274,0.0,0.07682134167217089,0.8276439740763146
ENSDARG00000099177,4.374566078186035,10.188704490661621,21.89002227783203,34.39186477661133,28.23066520690918,20.504243850708008,15.49013900756836,0.07077181795487715,2.7329499999999998,0.002282403581192378,0.511745244076848,0.9864477406422976
ENSDARG00000056102,11.994688987731934,20.431812286376953,32.53470993041992,45.697715759277344,53.49089813232422,58.568973541259766,62.448238372802734,0.3641653913749584,12.826159999999998,0.0005173061434220451,0.06396821903279348,0.8604694074002507
ENSDARG00000021974,6.223625183105469,11.05229377746582,18.890968322753906,28.017833709716797,30.35446548461914,30.292545318603516,30.276094436645508,0.1335885799853186,14.59506,0.0,0.218569022787211,0.8713275551289469
ENSDARG00000054473,12.963374137878418,20.075742721557617,29.75352668762207,40.94289016723633,50.31642532348633,58.14614486694336,64.68742370605469,0.40085450468450634,30.148033999999996,0.0,0.057264642448368375,0.8354314586453474
ENSDARG00000028448,8.733504295349121,14.745087623596191,23.78230094909668,33.36371612548828,34.66728210449219,33.20393753051758,31.820024490356445,0.23286910087343687,9.226228599999999,0.0,0.19894432132851977,0.8728344959904987
ENSDARG00000017188,8.969474792480469,15.689886093139648,25.974021911621094,36.63981246948242,37.287269592285156,35.000816345214844,33.06311798095703,0.24259156780776106,13.4483128,0.0,0.18853386723286147,0.977367830294376
ENSDARG00000055162,5.71848201751709,12.920738220214844,26.633102416992188,44.02032470703125,52.208984375,55.79540252685547,58.08627700805664,0.11516333209943962,6.284440000000001,0.0,0.07074876891441521,0.8362820085679097
ENSDARG00000041140,4.424086093902588,9.91382884979248,20.68452262878418,33.337799072265625,31.507089614868164,26.515947341918945,22.836654663085938,0.07228477621734934,3.2246567999999995,2.9071977170631386e-06,0.32573406378666536,0.9557651737093235
ENSDARG00000070028,8.42543888092041,17.305599212646484,32.178714752197266,46.106319427490234,41.666290283203125,34.83488845825195,30.15622901916504,0.2202927960427287,20.023682,0.0,0.2178058056680094,0.9186056316675243
ENSDARG00000062272,4.476563930511475,9.336803436279297,18.423097610473633,29.935029983520508,32.20811080932617,31.003843307495117,29.83112907409668,0.07387650867834905,2.744762,7.187083373760678e-07,0.22080711655572502,0.9356465290967602
ENSDARG00000032516,4.419686794281006,9.307781219482422,18.53816032409668,31.656259536743164,40.32244110107422,45.691898345947266,49.63493728637695,0.07214161808593535,3.569902,2.3129248553843734e-07,0.09267011150570433,0.15003948318010601
ENSDARG00000057272,6.9639811515808105,12.793932914733887,22.351806640625,34.66191864013672,43.68791961669922,50.43387985229492,55.90530776977539,0.16180202506955962,18.066144,0.0,0.07602214535804089,0.9472441851369426
ENSDARG00000045567,6.6081647872924805,14.85519027709961,30.03097152709961,47.12364196777344,49.26023483276367,46.99160385131836,45.23229217529297,0.14805376256126146,16.060953,0.0,0.10946685722298902,0.6393204438156329
ENSDARG00000093182,3.3963394165039062,8.096071243286133,18.089887619018555,33.39311981201172,43.58188247680664,49.62041473388672,53.76869583129883,0.043892943095424054,2.8161700000000005,4.043398990601119e-06,0.08082239901897385,0.9417491102824375
ENSDARG00000076334,5.020800590515137,9.727458000183105,17.999670028686523,28.946489334106445,34.88114929199219,38.04527282714844,40.47750473022461,0.09119108106164135,3.169574,1.2074142258422209e-06,0.13370725123091934,0.7580227178922881
ENSDARG00000070604,25.542171478271484,31.228755950927734,37.481475830078125,40.07020950317383,31.07609748840332,22.353437423706055,16.30036163330078,0.7219618406849708,19.51678,0.004237134458070856,0.48789700115309326,0.9566216085533527
ENSDARG00000103173,4.735727310180664,10.195197105407715,20.558486938476562,34.19567108154297,39.25830078125,40.296085357666016,40.776893615722656,0.08195470883678731,8.049657999999999,3.106792014332874e-07,0.13154071370497092,0.9680715260143513
ENSDARG00000094992,7.663217067718506,13.024839401245117,21.291540145874023,31.757259368896484,40.10254669189453,47.01116180419922,53.05546951293945,0.1894451505945804,42.417868,0.0,0.08367145520342142,0.750974878099265
ENSDARG00000071868,4.435696601867676,8.877985000610352,17.008501052856445,28.625858306884766,37.57126235961914,44.470619201660156,50.250221252441406,0.07262631947211533,2.1215920000000006,1.750068876311466e-05,0.09254477920009412,0.747246203181497
